timestamp_local,timestamp_utc,status,download_mbps,upload_mbps,idle_ping_ms,jitter_ms,packet_loss_pct,download_latency_loaded_ms,upload_latency_loaded_ms,interface,server,result_url
2026-06-23 11:30:35 EDT,2026-06-23T15:30:52Z,OK,225.1,184.7,16.0,3.8,0,28.5,353.9,en0,1767,https://www.speedtest.net/result/c/0394c361-ad98-4642-8c09-6fa7a9db5790
2026-06-23 12:00:54 EDT,2026-06-23T16:01:15Z,OK,217.0,194.4,13.3,6.0,0,30.1,382.0,en0,1767,https://www.speedtest.net/result/c/f3756a46-777f-44b0-96e1-23c425d31c04
2026-06-23 12:31:17 EDT,2026-06-23T16:31:33Z,OK,210.0,191.9,10.8,3.4,0,26.1,406.9,en0,1767,https://www.speedtest.net/result/c/b0833154-085b-4a99-94b3-d4f4302f73d8
2026-06-23 12:55:25 EDT,2026-06-23T16:55:40Z,OK,273.7,181.0,11.0,0.6,0,393.8,437.1,en0,30411,https://www.speedtest.net/result/c/dc4b2ad3-edb2-4b02-ab91-1c876ab78c24
2026-06-23 13:01:34 EDT,2026-06-23T17:01:52Z,OK,242.3,171.0,9.8,0.7,0,27.6,438.1,en0,30411,https://www.speedtest.net/result/c/6ca268c9-a49e-46dc-8878-4a759109e01a
2026-06-23 13:51:55 EDT,2026-06-23T17:52:21Z,OK,274.9,183.7,19.8,0.7,0,24.0,44.2,en0,30411,https://www.speedtest.net/result/c/de8516c7-144e-49bd-8d77-e94171ded345
2026-06-23 14:22:22 EDT,2026-06-23T18:22:40Z,OK,212.9,186.5,10.0,1.5,0,26.6,42.4,en0,30411,https://www.speedtest.net/result/c/0975f15d-2881-47b3-9118-a5663c533529
2026-06-23 14:52:42 EDT,2026-06-23T18:53:03Z,OK,253.1,188.3,16.6,4.5,0,28.1,166.3,en0,30411,https://www.speedtest.net/result/c/adcece15-4ae9-430e-b550-9252df6ea3f2
2026-06-23 15:23:04 EDT,2026-06-23T19:23:28Z,OK,201.4,192.5,11.2,3.5,0,29.7,447.6,en0,30411,https://www.speedtest.net/result/c/5108b440-9ab2-4991-ad4f-46d49f8c02f4
2026-06-23 15:53:29 EDT,2026-06-23T19:53:50Z,OK,248.9,189.6,10.4,2.0,0,30.2,415.3,en0,30411,https://www.speedtest.net/result/c/58ed7523-c4cb-4768-92cd-83c2d3c96128
2026-06-23 16:58:23 EDT,2026-06-23T20:59:09Z,OK,123.7,68.9,31.7,50.1,0,547.1,2466.9,en0,30411,https://www.speedtest.net/result/c/8acd90bf-1217-494d-a4ef-719ff4723c00
2026-06-23 21:21:45 EDT,2026-06-24T01:22:04Z,OK,302.0,258.4,16.6,4.5,0,40.5,371.3,en0,30411,https://www.speedtest.net/result/c/dfe47992-a9d4-4fd8-b515-713d091cedaa
2026-06-23 21:52:06 EDT,2026-06-24T01:52:28Z,OK,251.6,288.5,10.0,1.0,0,28.9,230.1,en0,30411,https://www.speedtest.net/result/c/c51e2ce7-c460-4773-8b3c-0cbc0d41240d
2026-06-23 23:04:18 EDT,,FAILED,,,,,,,,,30411,
2026-06-24 06:06:01 EDT,2026-06-24T10:06:24Z,OK,278.3,244.2,13.1,6.2,0,31.1,48.5,en0,30411,https://www.speedtest.net/result/c/ecbb3ea6-fc9b-4591-a0a1-3ba3b4290304
2026-06-24 06:36:26 EDT,2026-06-24T10:36:50Z,OK,307.5,210.7,19.7,0.6,0,44.2,389.6,en0,30411,https://www.speedtest.net/result/c/9710c929-9610-4fd2-aeb4-546c3d04f21e
2026-06-24 07:28:53 EDT,,FAILED,,,,,,,,,30411,
2026-06-24 14:03:51 EDT,,FAILED,,,,,,,,,30411,
2026-06-24 14:33:51 EDT,,FAILED,,,,,,,,,30411,
2026-06-24 15:20:33 EDT,,FAILED,,,,,,,,,30411,
2026-06-25 05:26:01 EDT,2026-06-25T09:26:29Z,OK,38.6,10.3,120.0,56.0,0,526.5,898.4,en0,30411,https://www.speedtest.net/result/c/d3adbb1c-87c0-43f3-bc63-38f579b04278
2026-06-25 05:56:31 EDT,2026-06-25T09:56:59Z,OK,24.8,8.7,40.7,4.1,0,564.0,803.2,en0,30411,https://www.speedtest.net/result/c/8021a256-fcd1-4ca3-acf0-54eb3fae0425
2026-06-25 06:27:01 EDT,2026-06-25T10:27:27Z,OK,26.7,8.9,44.7,6.0,0,755.5,1000.7,en0,30411,https://www.speedtest.net/result/c/5c0efb30-2c6e-4db1-a826-23682384c470
2026-06-25 06:57:28 EDT,2026-06-25T10:57:58Z,OK,35.9,7.4,42.3,4.4,0,963.2,1303.7,en0,30411,https://www.speedtest.net/result/c/6e2e0079-417e-4356-acc8-5153244a6560
2026-06-25 16:46:12 EDT,,FAILED,,,,,,,,,30411,
2026-06-26 12:36:52 EDT,2026-06-26T16:37:23Z,OK,239.3,155.8,19.7,1.0,0,275.8,612.2,en0,30411,https://www.speedtest.net/result/c/22873a0c-4084-4739-8879-deeda547f4c2
2026-06-26 13:07:24 EDT,2026-06-26T17:07:56Z,OK,210.8,193.5,10.0,0.9,0,185.2,494.8,en0,30411,https://www.speedtest.net/result/c/fa05aff1-09fe-4d89-ac03-587194531b72
2026-06-26 13:37:57 EDT,2026-06-26T17:38:29Z,OK,275.5,185.6,34.3,77.8,0,237.3,406.0,en0,30411,https://www.speedtest.net/result/c/d1502cb6-3431-49a1-85b1-a8b810b7f3fa
2026-06-26 14:08:31 EDT,2026-06-26T18:09:02Z,OK,204.1,74.6,9.6,68.2,0,368.4,1645.0,en0,30411,https://www.speedtest.net/result/c/bb2118c7-b946-4107-a40a-ab214e40964b
2026-06-26 17:23:12 EDT,,FAILED,,,,,,,,,30411,
2026-06-26 21:03:03 EDT,2026-06-27T01:03:35Z,OK,206.4,146.7,52.8,105.8,0.684931506849315,152.8,959.4,en0,30411,https://www.speedtest.net/result/c/7c08f465-4367-40a5-98b3-1a30247d4d1b
2026-06-26 21:33:37 EDT,2026-06-27T01:34:05Z,OK,176.2,153.4,12.8,67.3,0,235.4,484.8,en0,30411,https://www.speedtest.net/result/c/ae4752ce-d6b4-492e-9a5e-5408c3a73df2
2026-06-26 22:04:07 EDT,2026-06-27T02:04:38Z,OK,220.6,149.1,18.4,8.1,0,202.3,315.5,en0,30411,https://www.speedtest.net/result/c/8f521fde-3cdd-4d6c-ad2e-d10ac2c651e1
2026-06-26 22:34:40 EDT,2026-06-27T02:35:09Z,OK,149.7,155.9,20.0,0.5,0,156.9,518.9,en0,30411,https://www.speedtest.net/result/c/bfff355b-aa76-4b16-ba34-d983c71b41c8
2026-06-26 23:39:51 EDT,2026-06-27T03:40:41Z,OK,239.4,42.4,10.8,23.3,0,444.1,64.6,en0,30411,https://www.speedtest.net/result/c/302bf6b3-5ff5-4e10-b442-0b79454264e2
2026-06-27 03:54:26 EDT,2026-06-27T07:55:05Z,OK,163.1,82.5,20.0,2.1,0,672.6,283.6,en0,30411,https://www.speedtest.net/result/c/5b1e2b37-4592-4a6e-961c-d04d5b69a81e
2026-06-27 06:09:17 EDT,2026-06-27T10:09:48Z,OK,239.0,121.4,19.7,0.8,0,500.2,1033.5,en0,30411,https://www.speedtest.net/result/c/7b3e6698-0339-420d-a589-87210f04e364
2026-06-27 06:39:50 EDT,2026-06-27T10:40:13Z,OK,185.2,78.5,19.0,4.7,0,191.1,270.2,en0,30411,https://www.speedtest.net/result/c/36a9778c-4b1a-42e6-934b-3a685f8bafa7
2026-06-27 07:10:15 EDT,2026-06-27T11:10:46Z,OK,194.2,92.9,19.5,0.4,0,239.0,745.1,en0,30411,https://www.speedtest.net/result/c/1d31d3a8-eaac-416b-be67-2d989fb6906c
2026-06-27 07:40:47 EDT,2026-06-27T11:41:08Z,OK,195.1,83.2,20.1,2.6,0,30.7,871.7,en0,30411,https://www.speedtest.net/result/c/9a1c149a-792e-4f43-97bb-c8ee2e775e1d
2026-06-27 08:11:09 EDT,2026-06-27T12:11:40Z,OK,161.2,91.4,19.5,1.1,0,503.8,504.2,en0,30411,https://www.speedtest.net/result/c/6364da76-21f6-428c-a8c8-0d814ef8c033
2026-06-27 08:41:41 EDT,,FAILED,,,,,,,,,30411,
2026-06-27 13:05:51 EDT,2026-06-27T17:06:22Z,OK,235.3,146.0,19.7,0.7,0,392.1,736.0,en0,30411,https://www.speedtest.net/result/c/c5752137-8bc2-4dda-b7f4-c737be2781b7
2026-06-27 13:36:23 EDT,2026-06-27T17:36:55Z,OK,236.7,146.3,10.8,35.8,0,179.5,782.0,en0,30411,https://www.speedtest.net/result/c/dec08b80-c1b0-4e1c-8fbd-1db758b33453
2026-06-27 14:06:57 EDT,2026-06-27T18:07:22Z,OK,279.5,253.3,11.8,41.9,0,96.6,652.3,en0,30411,https://www.speedtest.net/result/c/7475c9ec-bb5b-42be-843d-6b2a08b4c8da
2026-06-27 14:37:23 EDT,2026-06-27T18:37:54Z,OK,195.6,235.3,18.7,5.1,0,495.4,897.5,en0,30411,https://www.speedtest.net/result/c/e8f71840-5bec-41e5-afc9-1c71c1d08d74
2026-06-27 15:07:56 EDT,2026-06-27T19:08:27Z,OK,232.9,249.3,10.0,1.1,0,200.9,668.3,en0,30411,https://www.speedtest.net/result/c/6c2d27b6-a8ca-4578-8c84-7a2cb1d9e588
2026-06-27 15:38:28 EDT,2026-06-27T19:38:59Z,OK,193.1,165.9,10.6,2.7,0,236.6,642.5,en0,30411,https://www.speedtest.net/result/c/5d3cd4b2-75de-48a5-b3b4-9ddda82e1bdb
2026-06-27 16:09:00 EDT,2026-06-27T20:09:32Z,OK,236.6,151.6,12.8,48.3,0,291.9,973.7,en0,30411,https://www.speedtest.net/result/c/25c97674-245c-479f-822b-74f7910aebd6
2026-06-27 16:39:34 EDT,2026-06-27T20:40:05Z,OK,207.1,163.4,19.7,2.5,0,182.0,666.2,en0,30411,https://www.speedtest.net/result/c/0c3aa2ba-b718-4176-bbca-c73bf6907068
2026-06-27 17:10:07 EDT,2026-06-27T21:10:38Z,OK,248.0,150.3,19.4,1.3,0,172.7,584.9,en0,30411,https://www.speedtest.net/result/c/0295dc6a-cf61-4bdf-b61d-922a7ecbb352
2026-06-27 17:53:03 EDT,2026-06-27T21:55:30Z,OK,149.3,61.2,16.1,25.9,1.1111111111111112,1213.9,971.5,en0,30411,https://www.speedtest.net/result/c/0eda11ad-9ac9-44e6-84ef-2bb825f92eea
2026-06-27 18:41:38 EDT,2026-06-27T22:42:08Z,OK,254.3,132.7,13.2,4.8,0,225.7,757.3,en0,30411,https://www.speedtest.net/result/c/cbfce2dd-8677-4651-b9a2-94e99d0c741c
2026-06-27 19:12:09 EDT,2026-06-27T23:12:40Z,OK,210.3,140.6,10.0,1.5,0,319.2,573.6,en0,30411,https://www.speedtest.net/result/c/dd68932c-e900-496e-92ea-3229d6af615b
2026-06-27 19:42:42 EDT,2026-06-27T23:43:13Z,OK,245.2,255.7,19.1,2.8,0,242.2,679.9,en0,30411,https://www.speedtest.net/result/c/f2b04617-3532-4d92-9542-853bdd03aee7
2026-06-27 20:13:14 EDT,2026-06-28T00:13:40Z,OK,228.0,261.5,34.4,40.6,0,39.2,660.9,en0,30411,https://www.speedtest.net/result/c/139087fb-3d85-4818-a5ac-d68ed4259d0a
2026-06-27 20:43:42 EDT,2026-06-28T00:44:06Z,OK,250.2,245.4,19.7,0.8,0,19.1,444.4,en0,30411,https://www.speedtest.net/result/c/bcae101b-770c-46fd-8acd-0dbba1df6f0d
2026-06-27 21:14:08 EDT,2026-06-28T01:14:28Z,OK,259.8,141.5,13.5,5.2,0,25.4,691.6,en0,30411,https://www.speedtest.net/result/c/2b70d6a2-5344-439b-a122-84602d456d59
2026-06-27 21:44:30 EDT,2026-06-28T01:45:01Z,OK,202.7,151.2,10.3,3.8,0,263.0,935.0,en0,30411,https://www.speedtest.net/result/c/044e9da4-e20e-4466-a672-1d9340dc71c1
2026-06-27 22:15:02 EDT,2026-06-28T02:15:25Z,OK,257.4,147.9,9.9,5.4,0,27.5,446.3,en0,30411,https://www.speedtest.net/result/c/da68062b-255b-48cf-a1eb-3abbb615de24
2026-06-27 22:45:26 EDT,2026-06-28T02:45:57Z,OK,211.7,148.9,9.9,0.6,0,262.0,792.7,en0,30411,https://www.speedtest.net/result/c/c6ca69cd-6622-44a9-ad5a-a77368062e6d
2026-06-28 14:47:32 EDT,2026-06-28T18:47:59Z,OK,99.0,50.0,18.8,3.9,0,290.6,680.6,en0,30411,https://www.speedtest.net/result/c/b8841f78-277d-49ee-bfae-7abeaef18ac5
2026-06-28 20:54:02 EDT,2026-06-29T00:54:31Z,OK,133.8,30.0,19.6,4.7,0,294.2,1063.0,en0,30411,https://www.speedtest.net/result/c/c72402fc-fa4c-42e0-a27c-2c2ef7c2ed17
2026-06-28 21:24:50 EDT,2026-06-29T01:25:21Z,OK,199.0,153.0,16.8,3.8,0.6711409395973155,415.7,854.8,en0,30411,https://www.speedtest.net/result/c/12da1e95-9fb4-4b70-8b25-47af2407686b
2026-06-28 22:54:56 EDT,2026-06-29T02:55:27Z,OK,151.3,99.5,19.8,1.5,0,239.0,892.7,en0,30411,https://www.speedtest.net/result/c/cc9e7393-aac3-4655-930f-70f94938254c
2026-06-29 04:59:40 EDT,2026-06-29T09:00:12Z,OK,201.5,107.2,19.7,1.0,0.6896551724137931,524.1,619.3,en0,30411,https://www.speedtest.net/result/c/b9383184-e312-4782-b38c-c78e280cd775
2026-06-29 05:30:14 EDT,2026-06-29T09:30:37Z,OK,228.9,146.1,14.6,1.7,0,232.0,467.0,en0,30411,https://www.speedtest.net/result/c/d4f5bfe0-5ce6-4e99-bfdd-34a535808f9e
2026-06-29 06:00:39 EDT,2026-06-29T10:01:00Z,OK,258.2,112.4,19.8,2.1,0,30.5,843.6,en0,30411,https://www.speedtest.net/result/c/92a6a412-6be2-4f6e-ab19-3ab89155a3e5
2026-06-29 06:31:01 EDT,2026-06-29T10:31:33Z,OK,118.5,28.6,19.5,3.7,0,156.8,879.6,en0,30411,https://www.speedtest.net/result/c/8029e843-9311-4c98-811f-b11532d857e2
2026-06-29 07:24:53 EDT,,FAILED,,,,,,,,,30411,
2026-06-29 07:54:54 EDT,,FAILED,,,,,,,,,30411,
2026-06-29 08:40:58 EDT,,FAILED,,,,,,,,,30411,
2026-06-29 09:55:58 EDT,,FAILED,,,,,,,,,30411,
2026-06-29 10:25:59 EDT,,FAILED,,,,,,,,,30411,
2026-06-29 10:55:59 EDT,,FAILED,,,,,,,,,30411,
2026-06-29 12:07:41 EDT,,FAILED,,,,,,,,,30411,
2026-06-29 13:25:22 EDT,,FAILED,,,,,,,,,30411,
2026-06-29 14:33:30 EDT,,FAILED,,,,,,,,,30411,
2026-06-29 15:03:30 EDT,,FAILED,,,,,,,,,30411,
2026-06-29 15:45:53 EDT,,FAILED,,,,,,,,,30411,
2026-06-29 16:21:00 EDT,,FAILED,,,,,,,,,30411,
2026-06-29 17:52:49 EDT,,FAILED,,,,,,,,,30411,
2026-06-29 19:14:31 EDT,2026-06-29T23:15:01Z,OK,129.4,135.5,20.4,2.0,0,557.5,850.3,en0,30411,https://www.speedtest.net/result/c/22c64f2a-7f7d-4cd5-885a-383f55dc6b91
2026-06-29 22:07:59 EDT,2026-06-30T02:08:30Z,OK,212.4,131.9,12.6,4.7,0,239.3,815.8,en0,30411,https://www.speedtest.net/result/c/897fe256-9785-4ebe-a791-70655973bc17
2026-06-29 22:38:31 EDT,2026-06-30T02:39:03Z,OK,150.1,118.8,16.4,6.1,0,447.4,716.8,en0,30411,https://www.speedtest.net/result/c/28201988-47d1-4dd8-a654-4f38c374d523
2026-06-29 23:09:04 EDT,2026-06-30T03:09:35Z,OK,253.0,130.4,10.4,4.2,0,226.4,1102.4,en0,30411,https://www.speedtest.net/result/c/44054b5e-592a-41e0-ab0b-600ef141146f
2026-06-29 23:39:37 EDT,2026-06-30T03:40:08Z,OK,284.2,193.7,19.7,1.9,0,280.0,718.2,en0,30411,https://www.speedtest.net/result/c/351f8e44-023a-4170-9e0a-db50f145e61f
2026-06-30 00:21:44 EDT,,FAILED,,,,,,,,,30411,
2026-06-30 07:07:22 EDT,2026-06-30T11:07:53Z,OK,208.9,203.1,9.1,1.3,0,158.6,624.6,en0,30411,https://www.speedtest.net/result/c/686a7a2a-913a-448a-9ddc-4984d0ce7a81
2026-06-30 07:37:54 EDT,2026-06-30T11:38:25Z,OK,197.2,170.1,19.8,1.9,0,164.8,188.7,en0,30411,https://www.speedtest.net/result/c/d28608c8-84cf-4259-b8b8-947b884d5ea3
2026-06-30 08:08:26 EDT,2026-06-30T12:08:57Z,OK,232.9,168.0,13.1,5.4,0,205.2,909.5,en0,30411,https://www.speedtest.net/result/c/7e122108-91a6-4d9c-94d5-484b87feed80
2026-06-30 08:38:59 EDT,2026-06-30T12:39:30Z,OK,179.2,197.6,15.0,1.9,0,189.5,808.0,en0,30411,https://www.speedtest.net/result/c/3fc7604e-71a0-4b5d-a88e-34c0a9e77dc0
2026-06-30 09:09:31 EDT,2026-06-30T13:09:57Z,OK,255.1,200.3,9.9,43.3,0,32.4,391.7,en0,30411,https://www.speedtest.net/result/c/0ec383ae-7e59-4d79-97c8-9a8bc358e57b
2026-06-30 09:39:59 EDT,2026-06-30T13:40:23Z,OK,233.0,201.5,10.3,1.8,0,25.9,721.6,en0,30411,https://www.speedtest.net/result/c/56c7b9ed-e067-4422-a7c4-e9fa086c154b
2026-06-30 10:10:24 EDT,2026-06-30T14:10:53Z,OK,272.7,212.1,12.0,70.4,0,179.7,173.5,en0,30411,https://www.speedtest.net/result/c/cfb8ee53-8fdd-4d9a-898f-1e95e3e94c9d
2026-06-30 10:40:55 EDT,2026-06-30T14:41:17Z,OK,258.5,212.4,16.2,6.4,0,29.8,838.5,en0,30411,https://www.speedtest.net/result/c/8274e188-fdd0-4d34-b11a-132d36df088b
2026-06-30 11:11:18 EDT,2026-06-30T15:11:49Z,OK,180.3,190.8,10.0,1.1,0,245.4,766.3,en0,30411,https://www.speedtest.net/result/c/45cc1cfd-ef8b-4668-8e1c-00492ddcf359
2026-06-30 11:41:50 EDT,2026-06-30T15:42:21Z,OK,245.3,135.8,9.7,1.5,0,215.1,747.9,en0,30411,https://www.speedtest.net/result/c/46c739c8-6b35-4970-9650-e74fcf72af48
2026-06-30 12:12:23 EDT,2026-06-30T16:12:43Z,OK,242.7,108.6,10.0,1.5,0,29.9,1149.4,en0,30411,https://www.speedtest.net/result/c/c62ae19c-6cd1-4de7-840b-1e154c8502b8
2026-06-30 12:42:45 EDT,2026-06-30T16:43:15Z,OK,228.0,134.4,9.3,2.6,0,488.4,821.1,en0,30411,https://www.speedtest.net/result/c/ab16eb37-e87f-45ef-8e9d-13ea25e41cb9
2026-06-30 13:13:18 EDT,2026-06-30T17:13:41Z,OK,244.8,137.0,10.0,1.5,0,159.7,789.2,en0,30411,https://www.speedtest.net/result/c/ba279e5a-8f9c-4c6c-92a3-f48ee6ed83a6
2026-06-30 13:43:43 EDT,2026-06-30T17:44:15Z,OK,202.4,60.7,28.9,45.9,0,315.4,1392.2,en0,30411,https://www.speedtest.net/result/c/1774a366-51b1-47da-8f16-cefa207960dd
2026-06-30 14:14:17 EDT,2026-06-30T18:14:38Z,OK,253.7,50.8,19.7,3.3,0,31.0,618.3,en0,30411,https://www.speedtest.net/result/c/beaf9e59-85d7-4d83-a60d-5311b3664df1
2026-06-30 14:44:40 EDT,2026-06-30T18:45:07Z,OK,215.4,146.8,11.0,111.8,0,150.1,465.7,en0,30411,https://www.speedtest.net/result/c/592756c2-64e7-416b-9ae2-b7105d2446d1
2026-06-30 15:15:08 EDT,2026-06-30T19:15:37Z,OK,239.9,150.3,91.8,96.7,0,147.7,1249.9,en0,30411,https://www.speedtest.net/result/c/c179dcf5-bc96-4ae2-b67e-33bec63ac94f
2026-06-30 15:45:39 EDT,2026-06-30T19:46:08Z,OK,169.6,141.0,9.9,1.3,0,206.8,677.8,en0,30411,https://www.speedtest.net/result/c/372b8572-d0fb-453e-9124-d9eee72e567f
2026-06-30 16:16:09 EDT,2026-06-30T20:16:38Z,OK,189.7,141.8,15.8,5.1,0,283.9,819.3,en0,30411,https://www.speedtest.net/result/c/1f6600d0-91d1-4fcb-8d7c-32230af6ae36
2026-06-30 16:46:39 EDT,2026-06-30T20:47:00Z,OK,264.7,127.0,19.7,2.3,0,265.9,2029.5,en0,30411,https://www.speedtest.net/result/c/4297918c-e12b-4286-9190-94b4e66435db
2026-06-30 17:17:01 EDT,2026-06-30T21:17:35Z,OK,200.4,174.4,12.6,2.5,0,180.2,621.4,en0,30411,https://www.speedtest.net/result/c/f28a36f1-0139-4484-b1fa-00399cc7da69
2026-06-30 17:47:36 EDT,2026-06-30T21:48:04Z,OK,253.1,169.1,14.0,66.5,0,164.9,931.3,en0,30411,https://www.speedtest.net/result/c/2210f46f-545d-4d2d-a806-5f5ada785015
2026-06-30 18:18:05 EDT,2026-06-30T22:18:36Z,OK,210.7,110.2,9.7,1.5,0,153.6,295.7,en0,30411,https://www.speedtest.net/result/c/b09d1298-a282-435f-b678-8f03363b5226
2026-06-30 18:48:38 EDT,2026-06-30T22:49:09Z,OK,194.2,152.3,10.0,1.3,0,223.8,1817.0,en0,30411,https://www.speedtest.net/result/c/5592d72a-41b4-4645-aafd-158e9afffe3b
2026-06-30 19:19:10 EDT,2026-06-30T23:19:42Z,OK,249.9,178.9,10.0,3.0,0,121.9,312.9,en0,30411,https://www.speedtest.net/result/c/e6bc16e4-1fad-44c4-a5aa-92d0f4dbfecd
2026-06-30 19:49:44 EDT,2026-06-30T23:50:08Z,OK,209.0,159.5,9.3,1.2,0,148.6,421.0,en0,30411,https://www.speedtest.net/result/c/8c798b3a-9d12-4dd9-8e45-805579d6feef
2026-06-30 20:20:10 EDT,2026-07-01T00:20:30Z,OK,231.8,143.2,19.1,2.5,0,27.3,615.9,en0,30411,https://www.speedtest.net/result/c/bdbced72-13dc-41de-970e-8268fdbc5bdb
2026-06-30 20:50:31 EDT,2026-07-01T00:51:02Z,OK,211.7,252.8,9.8,1.3,0,213.4,649.0,en0,30411,https://www.speedtest.net/result/c/7b5f82ee-d7cc-4726-8134-01a6c231e610
2026-06-30 21:21:04 EDT,2026-07-01T01:21:35Z,OK,223.4,219.7,10.3,5.2,0,165.9,519.2,en0,30411,https://www.speedtest.net/result/c/88f13598-2370-43fd-8b85-daea9ed38828
2026-06-30 21:51:36 EDT,2026-07-01T01:52:04Z,OK,293.6,266.2,30.5,40.8,0,226.9,858.8,en0,30411,https://www.speedtest.net/result/c/824c53e0-0eac-4c66-8e86-a080ce7ca537
2026-06-30 22:22:06 EDT,2026-07-01T02:22:35Z,OK,299.8,272.6,55.3,99.3,0,102.8,600.0,en0,30411,https://www.speedtest.net/result/c/35754f26-0485-48e8-8031-1e3b34d726e5
2026-07-01 05:26:26 EDT,2026-07-01T09:26:57Z,OK,244.0,263.3,56.7,90.3,0,169.2,698.8,en0,30411,https://www.speedtest.net/result/c/48194076-4653-4d2b-87ab-ac961f212eae
2026-07-01 05:57:00 EDT,2026-07-01T09:57:31Z,OK,307.1,232.0,140.9,78.5,0,319.0,760.3,en0,30411,https://www.speedtest.net/result/c/643ad4bb-23db-4f2d-9d07-33113dfed21a
2026-07-01 06:46:28 EDT,2026-07-01T10:46:59Z,OK,195.9,100.9,12.0,6.7,0,194.6,490.8,en0,30411,https://www.speedtest.net/result/c/f7378b89-4129-4215-b317-fa7714f54fc6
2026-07-01 07:36:24 EDT,,FAILED,,,,,,,,,30411,
2026-07-01 08:06:25 EDT,,FAILED,,,,,,,,,30411,
2026-07-01 17:37:07 EDT,,FAILED,,,,,,,,,30411,
2026-07-01 18:07:08 EDT,,FAILED,,,,,,,,,30411,
2026-07-01 20:25:36 EDT,2026-07-02T00:26:07Z,OK,222.4,274.7,10.0,2.1,0,248.0,437.5,en0,30411,https://www.speedtest.net/result/c/366f287c-88c8-42cc-95cf-92645b50bf33
2026-07-01 20:56:08 EDT,2026-07-02T00:56:40Z,OK,296.1,240.9,12.4,2.6,0.6993006993006993,187.8,810.3,en0,30411,https://www.speedtest.net/result/c/9b312226-82a2-471f-957a-33b597e05987
2026-07-01 21:26:43 EDT,2026-07-02T01:27:14Z,OK,259.4,191.2,37.2,59.7,0,201.9,1076.3,en0,30411,https://www.speedtest.net/result/c/56511c69-d317-48a2-b938-636b2349b1e9
2026-07-01 21:57:16 EDT,2026-07-02T01:57:45Z,OK,274.7,179.7,11.2,35.4,0,484.9,415.1,en0,30411,https://www.speedtest.net/result/c/4f5cfb7f-5108-42ba-8375-e4bbd87161b2
2026-07-01 22:27:47 EDT,2026-07-02T02:28:15Z,OK,230.6,221.4,52.3,117.2,0,157.0,738.9,en0,30411,https://www.speedtest.net/result/c/5bff7935-ed3b-44c1-ad8d-caddc1d7269c
2026-07-01 22:58:17 EDT,,FAILED,,,,,,,,,30411,
2026-07-02 05:29:19 EDT,2026-07-02T09:29:50Z,OK,308.4,246.3,19.7,0.8,0,187.3,673.5,en0,30411,https://www.speedtest.net/result/c/4c9deef3-948a-463b-99bf-7206624f18f0
2026-07-02 05:59:51 EDT,2026-07-02T10:00:23Z,OK,231.3,227.1,9.6,1.9,0,476.8,442.2,en0,30411,https://www.speedtest.net/result/c/13e0b960-efb0-4d1a-81b8-5fd6f8d38470
2026-07-02 07:34:45 EDT,,FAILED,,,,,,,,,30411,
2026-07-02 08:04:46 EDT,,FAILED,,,,,,,,,30411,
2026-07-02 13:19:25 EDT,,FAILED,,,,,,,,,30411,
2026-07-02 21:22:30 EDT,2026-07-03T01:22:58Z,OK,246.6,215.9,9.8,0.8,0,28.4,315.9,en0,30411,https://www.speedtest.net/result/c/1514316e-2fa6-4161-b75b-0425838bb153
2026-07-02 21:53:00 EDT,2026-07-03T01:53:32Z,OK,198.5,207.6,9.7,1.4,0,221.1,715.7,en0,30411,https://www.speedtest.net/result/c/77bbcfbd-7a8d-41e6-8e89-5a6e70be5c6e
2026-07-02 22:23:34 EDT,2026-07-03T02:24:05Z,OK,194.2,259.6,9.4,1.4,0,148.7,658.8,en0,30411,https://www.speedtest.net/result/c/ebfeeae7-3bc9-4dff-9575-b673967993cf
2026-07-02 22:54:06 EDT,2026-07-03T02:54:38Z,OK,213.7,247.8,11.8,2.3,0,276.6,575.7,en0,30411,https://www.speedtest.net/result/c/61aa9e3e-248e-4a7c-87f1-0352fa96ec05
2026-07-02 23:24:40 EDT,2026-07-03T03:25:11Z,OK,246.6,230.2,13.4,1.5,0.6944444444444444,400.2,1138.7,en0,30411,https://www.speedtest.net/result/c/ab4d54fe-adad-4a42-8659-040fa2810c51
2026-07-03 00:08:11 EDT,2026-07-03T04:08:33Z,OK,262.1,159.8,10.1,2.4,0,22.8,694.4,en0,30411,https://www.speedtest.net/result/c/87f897ca-5673-4f13-8fb2-3cb320765da6
2026-07-03 00:38:34 EDT,2026-07-03T04:39:05Z,OK,281.5,149.2,19.7,1.5,0,292.6,243.6,en0,30411,https://www.speedtest.net/result/c/ff1b9c2d-559c-4401-9223-5c305a36833b
2026-07-03 01:09:07 EDT,2026-07-03T05:09:36Z,OK,277.3,152.5,78.1,76.9,0,236.2,474.1,en0,30411,https://www.speedtest.net/result/c/6e218845-6804-4b45-847a-4544bdfeca05
2026-07-03 01:39:38 EDT,2026-07-03T05:40:02Z,OK,263.2,149.8,18.3,5.2,0,24.3,859.2,en0,30411,https://www.speedtest.net/result/c/35c74dd6-c702-4c1b-be15-b8f48cc486db
2026-07-03 02:25:41 EDT,2026-07-03T06:26:01Z,OK,305.6,170.0,16.6,8.5,0,31.0,528.2,en0,30411,https://www.speedtest.net/result/c/761e1002-d00d-41bb-a5aa-e4b293041695
2026-07-03 02:56:03 EDT,2026-07-03T06:56:34Z,OK,210.7,168.5,9.3,1.6,0,146.9,397.4,en0,30411,https://www.speedtest.net/result/c/a9c08e00-27e9-468a-a113-dee4abeac9c4
2026-07-03 03:30:14 EDT,2026-07-03T07:30:45Z,OK,226.3,155.5,10.0,1.1,0,350.4,1109.8,en0,30411,https://www.speedtest.net/result/c/1e9634c5-6029-4333-8b0e-306d5bb5ee4f
2026-07-03 04:00:47 EDT,2026-07-03T08:01:15Z,OK,263.1,150.5,90.9,86.2,0,314.3,524.5,en0,30411,https://www.speedtest.net/result/c/00358f3e-2951-4b50-a23d-7ab357e403d2
2026-07-03 04:46:32 EDT,2026-07-03T08:46:55Z,OK,248.1,157.2,10.0,1.5,0,36.4,426.5,en0,30411,https://www.speedtest.net/result/c/400e043f-009d-47b8-a291-fc937b3db3fc
2026-07-03 05:16:57 EDT,2026-07-03T09:17:17Z,OK,255.8,162.4,9.3,1.0,0,29.0,619.2,en0,30411,https://www.speedtest.net/result/c/dc4aeb19-9b53-44a3-8374-0bf99b3dc38e
2026-07-03 05:47:18 EDT,2026-07-03T09:47:48Z,OK,257.5,159.8,54.2,93.0,0,228.3,585.1,en0,30411,https://www.speedtest.net/result/c/eef9ff0a-1d1f-4f12-8eab-30cf226310eb
2026-07-03 06:17:50 EDT,2026-07-03T10:18:21Z,OK,228.5,145.3,10.0,1.2,0,236.7,414.7,en0,30411,https://www.speedtest.net/result/c/1b38e700-4404-4193-876f-11c2e1dc6f3d
2026-07-03 06:53:21 EDT,2026-07-03T10:53:52Z,OK,254.2,137.8,13.0,15.2,0,234.0,605.2,en0,30411,https://www.speedtest.net/result/c/dbf303e3-f091-44e6-8382-c0e55c95dd1d
2026-07-03 07:23:54 EDT,2026-07-03T11:24:18Z,OK,266.1,151.1,40.1,54.3,0,60.3,452.1,en0,30411,https://www.speedtest.net/result/c/edcb59dc-79ff-45c2-a336-8d52769f18c8
2026-07-03 07:54:19 EDT,2026-07-03T11:54:50Z,OK,302.4,162.2,13.8,66.7,0,210.7,617.8,en0,30411,https://www.speedtest.net/result/c/a9a7483e-79a0-4858-96d0-4b4f0cc8e4c0
2026-07-03 09:06:32 EDT,2026-07-03T13:07:01Z,OK,149.3,29.0,19.6,0.7,0,181.2,2465.6,en0,30411,https://www.speedtest.net/result/c/c4421ca0-3189-4020-bec4-f45b9c9d09a9
2026-07-03 14:49:43 EDT,2026-07-03T18:50:12Z,OK,235.9,115.1,9.6,32.9,0,148.3,1058.7,en0,30411,https://www.speedtest.net/result/c/54795167-e0e3-4b31-aa3b-856231a13ed8
2026-07-03 17:56:30 EDT,2026-07-03T21:57:25Z,OK,126.0,181.1,9.5,0.8,0,773.4,507.2,en0,30411,https://www.speedtest.net/result/c/2e647b40-f186-4916-a0a2-00875509b20d
2026-07-03 22:43:28 EDT,,FAILED,,,,,,,,,30411,
2026-07-03 23:13:28 EDT,,FAILED,,,,,,,,,30411,
2026-07-03 23:43:29 EDT,,FAILED,,,,,,,,,30411,
2026-07-04 00:13:29 EDT,,FAILED,,,,,,,,,30411,
2026-07-04 06:47:43 EDT,,FAILED,,,,,,,,,30411,
2026-07-04 09:35:20 EDT,,FAILED,,,,,,,,,30411,
2026-07-04 11:23:15 EDT,,FAILED,,,,,,,,,30411,
2026-07-04 14:55:12 EDT,,FAILED,,,,,,,,,30411,
2026-07-04 17:08:28 EDT,,FAILED,,,,,,,,,30411,
2026-07-04 21:09:09 EDT,,FAILED,,,,,,,,,30411,
2026-07-04 22:00:36 EDT,,FAILED,,,,,,,,,30411,
2026-07-04 22:35:11 EDT,,FAILED,,,,,,,,,30411,
2026-07-05 04:54:02 EDT,,FAILED,,,,,,,,,30411,
2026-07-05 05:24:02 EDT,,FAILED,,,,,,,,,30411,
2026-07-05 05:54:02 EDT,,FAILED,,,,,,,,,30411,
2026-07-05 06:24:03 EDT,,FAILED,,,,,,,,,30411,
2026-07-05 10:01:26 EDT,,FAILED,,,,,,,,,30411,
2026-07-05 15:47:21 EDT,,FAILED,,,,,,,,,30411,
2026-07-05 19:42:44 EDT,2026-07-05T23:43:13Z,OK,206.1,34.0,51.2,68.9,0,447.5,1675.3,en0,30411,https://www.speedtest.net/result/c/5631e1eb-1f1b-40a5-8e9e-fc7105873f55
2026-07-05 21:03:38 EDT,2026-07-06T01:04:09Z,OK,201.1,114.8,20.0,0.7,0,268.9,588.5,en0,30411,https://www.speedtest.net/result/c/49fb4846-69b7-4929-b9e2-1737e7b4e61a
2026-07-05 21:41:33 EDT,2026-07-06T01:42:21Z,OK,203.5,16.4,29.5,46.4,4.597701149425287,2304.6,757.0,en0,30411,https://www.speedtest.net/result/c/a29aa6c8-dace-40ec-b821-4f662c445a56
2026-07-06 02:49:01 EDT,2026-07-06T06:49:35Z,OK,135.8,63.0,19.4,4.3,0,234.2,1178.1,en0,30411,https://www.speedtest.net/result/c/c5a51b1f-d98d-49e7-bcdd-1d1c3e05c9b2
2026-07-06 05:42:17 EDT,2026-07-06T09:42:48Z,OK,150.7,142.5,19.8,0.6,0,488.6,534.8,en0,30411,https://www.speedtest.net/result/c/2e29f359-4424-4c04-bb5c-8240cbe50dbc
2026-07-06 06:12:49 EDT,2026-07-06T10:13:14Z,OK,302.9,157.4,20.0,0.7,0,263.3,730.2,en0,30411,https://www.speedtest.net/result/c/cb941ad4-1755-4a7e-9070-b7fb7603b173
2026-07-06 06:43:16 EDT,2026-07-06T10:43:46Z,OK,228.3,109.8,19.1,3.1,0,163.1,685.0,en0,30411,https://www.speedtest.net/result/c/35dca20f-a0d9-45dd-a4e7-35563f9c7aa7
2026-07-06 10:35:13 EDT,,FAILED,,,,,,,,,30411,
2026-07-06 11:13:12 EDT,,FAILED,,,,,,,,,30411,
2026-07-06 11:43:13 EDT,,FAILED,,,,,,,,,30411,
2026-07-06 12:13:13 EDT,,FAILED,,,,,,,,,30411,
2026-07-06 12:43:14 EDT,,FAILED,,,,,,,,,30411,
2026-07-06 13:13:14 EDT,,FAILED,,,,,,,,,30411,
2026-07-06 13:43:14 EDT,,FAILED,,,,,,,,,30411,
2026-07-06 14:13:14 EDT,,FAILED,,,,,,,,,30411,
2026-07-06 14:43:15 EDT,,FAILED,,,,,,,,,30411,
2026-07-06 15:13:53 EDT,,FAILED,,,,,,,,,30411,
2026-07-06 21:38:48 EDT,2026-07-07T01:45:18Z,OK,104.1,16.1,19.7,1.1,0,32.3,698.3,en0,30411,https://www.speedtest.net/result/c/8a1b3daa-bc8c-45aa-9d22-ed436b50d9c7
2026-07-07 10:06:02 EDT,2026-07-07T14:06:33Z,OK,153.4,91.7,19.7,5.6,0,369.1,1524.3,en0,30411,https://www.speedtest.net/result/c/1092a302-6f00-42b6-b570-7fb689db0611
2026-07-07 10:36:35 EDT,2026-07-07T14:36:57Z,OK,175.3,78.3,19.7,1.3,0,46.4,582.7,en0,30411,https://www.speedtest.net/result/c/05e4f3fb-a6ca-470d-9eda-9fb81a2d8cbe
2026-07-07 11:06:59 EDT,2026-07-07T15:07:30Z,OK,212.4,88.3,19.7,1.0,0,151.9,580.5,en0,30411,https://www.speedtest.net/result/c/d50da70e-3f62-42eb-b71d-01ce5917a501
2026-07-07 11:37:33 EDT,2026-07-07T15:38:02Z,OK,167.6,59.8,19.5,1.3,0,256.8,973.5,en0,30411,https://www.speedtest.net/result/c/db6090ed-9b7e-45d5-8d59-1941ecb0a972
2026-07-07 12:24:42 EDT,2026-07-07T16:25:10Z,OK,171.0,36.0,58.2,96.1,0,211.5,2642.7,en0,30411,https://www.speedtest.net/result/c/9998f5ea-82b9-42f3-8722-84257d2901c8
2026-07-07 12:55:12 EDT,2026-07-07T16:55:43Z,OK,164.0,65.3,19.5,0.7,0,246.0,1492.5,en0,30411,https://www.speedtest.net/result/c/6fab9256-99e2-457f-9c9f-d7d790317258
2026-07-07 14:42:53 EDT,2026-07-07T18:43:24Z,OK,188.3,95.6,12.8,5.5,0,180.6,565.8,en0,30411,https://www.speedtest.net/result/c/a85a8f51-117a-4568-8576-529eea5d1110
2026-07-07 15:13:26 EDT,2026-07-07T19:13:57Z,OK,167.6,90.6,12.6,4.8,0,221.4,755.6,en0,30411,https://www.speedtest.net/result/c/dbc0feea-3a89-4fad-8f6c-08804cd3cfb7
2026-07-07 15:43:59 EDT,2026-07-07T19:44:31Z,OK,211.3,93.1,10.9,68.3,0,166.9,495.2,en0,30411,https://www.speedtest.net/result/c/6036310d-d6d3-485b-93eb-0e61c69ac5f5
2026-07-07 16:14:33 EDT,2026-07-07T20:15:04Z,OK,187.4,101.6,19.6,1.5,0,191.3,219.6,en0,30411,https://www.speedtest.net/result/c/44c9d55f-3a69-4dcd-8fc7-d9356e6edf49
2026-07-07 16:45:06 EDT,2026-07-07T20:45:36Z,OK,210.2,78.5,10.6,2.8,0,329.0,667.7,en0,30411,https://www.speedtest.net/result/c/e5330eab-51d9-42b8-bb6b-f9a33bf1adaf
2026-07-07 17:15:39 EDT,2026-07-07T21:15:59Z,OK,225.7,42.0,19.8,0.6,0,30.0,727.9,en0,30411,https://www.speedtest.net/result/c/5de285e3-ee21-4ba4-aaef-e5963f2f56e2
2026-07-07 17:47:05 EDT,2026-07-07T21:47:36Z,OK,187.8,66.4,18.3,62.3,0,587.5,880.2,en0,30411,https://www.speedtest.net/result/c/fc4d8d9e-848a-45de-859a-b76599f44b25
2026-07-07 18:27:04 EDT,2026-07-07T22:27:35Z,OK,199.6,84.9,19.7,1.3,0,243.3,512.5,en0,30411,https://www.speedtest.net/result/c/37053290-c4b4-4ede-bb19-8fe5da7328f5
2026-07-07 18:57:36 EDT,2026-07-07T22:58:03Z,OK,212.3,87.5,19.4,0.7,0,198.4,935.9,en0,30411,https://www.speedtest.net/result/c/24a5637e-5791-4924-a635-930fafaa1af7
2026-07-07 20:23:43 EDT,2026-07-08T00:24:10Z,OK,190.8,104.4,42.1,61.3,0,184.6,703.9,en0,30411,https://www.speedtest.net/result/c/18e876e0-6720-4fe1-9c17-2af597c44bbb
2026-07-07 20:54:11 EDT,2026-07-08T00:54:41Z,OK,211.7,112.9,28.0,36.8,0,266.1,514.3,en0,30411,https://www.speedtest.net/result/c/19645cfd-451e-4c2c-b079-1fed451d4836
2026-07-07 21:24:43 EDT,2026-07-08T01:25:14Z,OK,189.4,83.7,52.7,100.2,0,140.2,1098.8,en0,30411,https://www.speedtest.net/result/c/1eeec0a2-f04c-402b-a71b-936daf8c6dd2
2026-07-07 21:55:15 EDT,2026-07-08T01:55:32Z,OK,204.0,114.0,10.0,1.6,0,35.0,455.5,en0,30411,https://www.speedtest.net/result/c/dd677331-fae1-4cec-82da-8ac98ce13251
2026-07-07 22:25:33 EDT,2026-07-08T02:25:59Z,OK,236.3,115.6,19.9,2.2,0,37.3,446.5,en0,30411,https://www.speedtest.net/result/c/c225484a-8fae-46de-8da9-c674d1b86331
2026-07-08 06:02:06 EDT,2026-07-08T10:02:23Z,OK,246.9,119.4,11.4,2.8,0,22.1,459.4,en0,30411,https://www.speedtest.net/result/c/e52bfc06-73b5-4995-ba4d-e1ea877b5371
2026-07-08 06:32:24 EDT,2026-07-08T10:32:41Z,OK,244.6,126.7,9.8,0.9,0,30.4,491.1,en0,30411,https://www.speedtest.net/result/c/00e0613a-4adb-40e3-9ddb-031a984bb9ae
2026-07-08 07:02:43 EDT,2026-07-08T11:03:01Z,OK,215.3,117.9,19.7,0.9,0,388.9,448.1,en0,30411,https://www.speedtest.net/result/c/727541af-8c25-466d-9c38-7f76016c64f3
2026-07-08 07:33:03 EDT,2026-07-08T11:33:22Z,OK,254.6,116.2,19.6,2.0,0,27.2,431.6,en0,30411,https://www.speedtest.net/result/c/e4048b2b-34e5-49a6-b79a-affe634b811a
2026-07-08 08:03:24 EDT,2026-07-08T12:03:44Z,OK,221.0,98.4,9.7,0.6,0,30.6,196.7,en0,30411,https://www.speedtest.net/result/c/5656db59-15bb-468a-bd73-56bc7caf39c5
2026-07-08 08:56:16 EDT,2026-07-08T12:56:46Z,OK,187.1,8.8,19.8,2.1,0,290.8,3364.7,en0,30411,https://www.speedtest.net/result/c/a016a13c-1515-406a-839e-ed238027cd87
2026-07-08 09:26:48 EDT,2026-07-08T13:27:07Z,OK,220.0,171.4,13.1,5.8,0,28.7,458.2,en0,30411,https://www.speedtest.net/result/c/1aac1dca-d84f-45ab-a0fb-c182761b799a
2026-07-08 09:57:08 EDT,2026-07-08T13:57:28Z,OK,230.0,164.7,10.7,2.7,0,26.3,153.5,en0,30411,https://www.speedtest.net/result/c/52ff577c-60d6-4b1d-809b-a6876a76f80a
2026-07-08 10:42:39 EDT,2026-07-08T14:43:04Z,OK,189.8,38.9,9.3,1.0,0,81.1,567.2,en0,30411,https://www.speedtest.net/result/c/720c164c-fcd0-4d96-b384-15c49bf838c5
2026-07-08 11:46:15 EDT,2026-07-08T15:46:32Z,OK,234.4,125.5,9.8,1.1,0,29.4,153.3,en0,30411,https://www.speedtest.net/result/c/de960447-46cf-487b-8523-03a6a856da74
2026-07-08 12:16:33 EDT,2026-07-08T16:16:51Z,OK,225.1,130.1,9.3,1.5,0,30.7,59.0,en0,30411,https://www.speedtest.net/result/c/f56e5c87-4453-49d8-bec3-060398d565c6
2026-07-08 12:46:52 EDT,2026-07-08T16:47:20Z,OK,222.8,115.4,19.9,4.6,0,31.3,510.9,en0,30411,https://www.speedtest.net/result/c/b720b330-50c3-4885-8891-2f2edb8f4f53
2026-07-08 13:17:21 EDT,2026-07-08T17:17:37Z,OK,236.5,131.9,19.3,3.0,0,35.8,435.1,en0,30411,https://www.speedtest.net/result/c/bb37e52d-c17b-4120-9f09-c2869b7c3faf
2026-07-08 13:47:39 EDT,2026-07-08T17:48:00Z,OK,183.5,153.9,9.8,1.6,0,59.1,438.4,en0,30411,https://www.speedtest.net/result/c/6a408af0-7183-48e3-b06e-9b7a3296d269
2026-07-08 14:18:01 EDT,2026-07-08T18:18:20Z,OK,210.9,139.1,9.4,1.1,0,25.7,198.6,en0,30411,https://www.speedtest.net/result/c/499ebb61-449b-43bf-9abd-64129ac945dc
2026-07-08 14:48:21 EDT,2026-07-08T18:48:42Z,OK,221.6,101.8,9.8,1.4,0,227.3,503.0,en0,30411,https://www.speedtest.net/result/c/cae4abae-c132-4b6e-8ded-c3cb19249f29
2026-07-08 15:56:57 EDT,,FAILED,,,,,,,,,30411,
2026-07-08 18:36:42 EDT,2026-07-08T22:37:08Z,OK,226.0,284.1,10.0,1.0,0,26.6,378.6,en0,30411,https://www.speedtest.net/result/c/fd6e47fc-10b7-4dc2-9ee3-53d20c5da03f
2026-07-08 19:07:10 EDT,2026-07-08T23:07:33Z,OK,213.1,150.2,9.4,1.5,0,33.8,426.5,en0,30411,https://www.speedtest.net/result/c/75971b1a-5e6b-4189-b774-d222c75387d3
2026-07-08 19:37:35 EDT,2026-07-08T23:37:55Z,OK,275.2,185.4,19.6,1.4,0,28.2,67.7,en0,30411,https://www.speedtest.net/result/c/9764107a-624b-4bae-9abc-cf1a06f6941e
2026-07-08 20:07:57 EDT,2026-07-09T00:08:13Z,OK,227.4,192.1,9.5,1.6,0,24.8,33.4,en0,30411,https://www.speedtest.net/result/c/7381c9de-4322-46b9-9f7a-d291395e5b94
2026-07-08 20:48:01 EDT,2026-07-09T00:48:27Z,OK,301.7,286.4,19.7,2.6,0,236.8,382.7,en0,30411,https://www.speedtest.net/result/c/8e425ced-02fa-455b-ac82-4c97e1048aeb
2026-07-08 21:18:28 EDT,2026-07-09T01:18:45Z,OK,301.3,270.4,9.9,1.0,0,33.7,379.8,en0,30411,https://www.speedtest.net/result/c/a13094ee-fe1e-414a-9fa9-42515e4a59ce
2026-07-08 21:48:46 EDT,2026-07-09T01:49:01Z,OK,232.9,173.4,19.3,4.4,0,32.2,419.0,en0,30411,https://www.speedtest.net/result/c/3547f8ff-2767-4afb-ab14-27653b4b2161
2026-07-08 22:19:03 EDT,2026-07-09T02:19:23Z,OK,237.7,154.1,10.0,1.2,0,21.8,195.7,en0,30411,https://www.speedtest.net/result/c/98e924fd-6028-4886-91d0-12abf7267ae9
2026-07-08 23:14:30 EDT,2026-07-09T03:14:46Z,OK,219.6,146.0,10.0,0.7,0,24.5,193.5,en0,30411,https://www.speedtest.net/result/c/1bec2993-d68c-4e6a-bf71-7b78dc755217
2026-07-08 23:44:48 EDT,2026-07-09T03:45:01Z,OK,255.6,145.7,19.0,3.3,0,30.7,38.4,en0,30411,https://www.speedtest.net/result/c/4a42d927-8fab-46dc-acd9-6f44f1ecd946
2026-07-09 00:15:03 EDT,2026-07-09T04:15:21Z,OK,199.0,152.8,10.0,1.3,0,17.9,403.4,en0,30411,https://www.speedtest.net/result/c/e26b9cd2-6fc8-4cfd-905a-e9fcd1fe3d41
2026-07-09 00:45:22 EDT,2026-07-09T04:45:42Z,OK,232.8,157.6,19.0,3.9,0,36.8,160.4,en0,30411,https://www.speedtest.net/result/c/7247cd4e-39d1-4b64-bfc0-294e67271e7c
2026-07-09 01:15:43 EDT,2026-07-09T05:15:59Z,OK,231.6,154.0,18.5,3.3,0,25.4,49.4,en0,30411,https://www.speedtest.net/result/c/d717ef8d-8c30-4899-ae5e-3ceaba4be6ab
2026-07-09 01:46:30 EDT,2026-07-09T05:46:45Z,OK,215.7,154.8,9.9,3.3,0,32.6,401.2,en0,30411,https://www.speedtest.net/result/c/36de68ff-fbf0-4ea7-b635-12d3031d25c0
2026-07-09 02:16:47 EDT,2026-07-09T06:17:08Z,OK,238.3,150.9,13.6,4.4,0,36.0,432.8,en0,30411,https://www.speedtest.net/result/c/4929e5a6-3522-4087-8246-6cad2f84be96
2026-07-09 02:47:10 EDT,2026-07-09T06:47:27Z,OK,250.5,160.2,16.9,2.9,0,236.8,409.5,en0,30411,https://www.speedtest.net/result/c/91f00116-3785-41a5-a9c1-90b33d75d3a7
2026-07-09 03:17:38 EDT,2026-07-09T07:17:52Z,OK,234.5,159.9,13.5,4.5,0,29.3,411.1,en0,30411,https://www.speedtest.net/result/c/ec049b67-c4e7-4d1b-b072-b19842517bf5
2026-07-09 03:47:54 EDT,2026-07-09T07:48:14Z,OK,241.0,156.2,15.5,6.0,0,33.0,436.8,en0,30411,https://www.speedtest.net/result/c/b23fec47-d423-40c4-8310-84a79587b4dd
2026-07-09 04:18:15 EDT,2026-07-09T08:18:31Z,OK,241.7,159.4,10.0,0.8,0,23.3,177.6,en0,30411,https://www.speedtest.net/result/c/4dcadd6d-e916-4791-bac3-9afbb7a7f8d2
2026-07-09 05:03:50 EDT,2026-07-09T09:04:14Z,OK,227.1,160.5,10.0,1.1,1.7241379310344827,34.7,446.1,en0,30411,https://www.speedtest.net/result/c/1c2e29a9-2703-4048-9fd5-d7c9b449ce65
2026-07-09 05:34:15 EDT,2026-07-09T09:34:38Z,OK,243.3,107.4,20.5,1.4,0,27.2,425.8,en0,30411,https://www.speedtest.net/result/c/51682fe7-1d12-4212-8fc7-34b516336f23
2026-07-09 06:04:40 EDT,2026-07-09T10:05:07Z,OK,217.8,124.5,19.4,2.7,0,48.0,389.7,en0,30411,https://www.speedtest.net/result/c/59a5e2fc-6e81-4d7f-8838-5630c28c6c1a
2026-07-09 06:51:10 EDT,2026-07-09T10:51:29Z,OK,232.1,166.0,9.3,1.0,0,31.3,405.0,en0,30411,https://www.speedtest.net/result/c/20de107c-8b15-4c6d-88a4-ece4a9c28828
2026-07-09 07:21:31 EDT,2026-07-09T11:21:51Z,OK,278.5,52.3,9.8,1.2,0,36.3,568.2,en0,30411,https://www.speedtest.net/result/c/e706d3b3-8a87-43b3-852a-bf0f3fefb66f
2026-07-09 08:50:01 EDT,2026-07-09T12:50:27Z,OK,289.8,266.8,19.7,2.6,0,29.3,384.3,en0,30411,https://www.speedtest.net/result/c/93a56d10-585d-4190-b854-df8845d7ebad
2026-07-09 12:18:55 EDT,2026-07-09T16:19:13Z,OK,263.5,199.0,10.0,1.3,0,25.4,38.0,en0,30411,https://www.speedtest.net/result/c/629ed14f-ae05-412f-ac53-1c79528551e7
2026-07-09 12:49:15 EDT,2026-07-09T16:49:35Z,OK,227.7,233.5,9.9,1.5,0,21.0,381.2,en0,30411,https://www.speedtest.net/result/c/cdca62fb-38d5-4288-b4c5-473e1b59132c
2026-07-09 13:19:37 EDT,2026-07-09T17:19:57Z,OK,260.3,172.7,19.7,0.5,0,30.9,426.2,en0,30411,https://www.speedtest.net/result/c/bf9df2e0-39d2-42e0-95ba-de5fe8c38a75
2026-07-09 13:49:59 EDT,2026-07-09T17:50:18Z,OK,219.0,193.2,16.7,4.6,1.3333333333333333,30.8,454.3,en0,30411,https://www.speedtest.net/result/c/201704c5-bce3-40bc-b26d-d02e910ce76c
2026-07-09 14:20:20 EDT,2026-07-09T18:20:43Z,OK,297.8,285.5,10.0,1.5,0,39.9,455.4,en0,30411,https://www.speedtest.net/result/c/1c6649ec-1b99-4f1b-a892-71b684840017
2026-07-09 14:50:45 EDT,2026-07-09T18:51:08Z,OK,207.2,319.3,19.4,3.8,0,26.3,145.5,en0,30411,https://www.speedtest.net/result/c/522a8f6a-d42f-47fe-af7a-c63d3ae93cf6
2026-07-09 15:21:10 EDT,2026-07-09T19:21:36Z,OK,168.1,190.5,15.8,3.7,0,43.4,399.8,en0,30411,https://www.speedtest.net/result/c/358ffacb-fa2f-43a3-85d3-5bb6f805bdb7
2026-07-09 15:51:40 EDT,2026-07-09T19:51:54Z,OK,215.8,188.2,10.0,1.3,0,17.4,416.7,en0,30411,https://www.speedtest.net/result/c/a4de82d7-e7aa-4500-baf2-b56f41520a79
2026-07-09 16:21:56 EDT,2026-07-09T20:22:15Z,OK,254.3,196.0,10.0,2.7,0,234.8,177.0,en0,30411,https://www.speedtest.net/result/c/2f9d1d84-04ef-4bc8-ac97-b35627092f02
2026-07-09 16:52:16 EDT,2026-07-09T20:52:33Z,OK,278.9,190.2,10.0,1.3,0,23.2,422.7,en0,30411,https://www.speedtest.net/result/c/0fa7b6b8-da40-4fe6-a6a9-5bba8748bf0d
2026-07-09 17:22:35 EDT,2026-07-09T21:22:57Z,OK,254.5,183.8,9.7,0.6,0,237.5,50.3,en0,30411,https://www.speedtest.net/result/c/d716f14f-85f0-4721-a319-7fb5f13f6279
2026-07-09 17:52:59 EDT,2026-07-09T21:53:24Z,OK,281.1,194.6,9.7,1.5,0,25.8,45.4,en0,30411,https://www.speedtest.net/result/c/3e8b27c8-3120-4a77-ac0c-03b88e536abd
2026-07-09 18:23:26 EDT,2026-07-09T22:23:44Z,OK,227.6,163.1,9.9,1.2,0,28.3,408.6,en0,30411,https://www.speedtest.net/result/c/05e4ad1f-d233-4e33-922b-11825ff7006c
2026-07-09 18:53:46 EDT,2026-07-09T22:54:08Z,OK,191.7,31.5,10.0,1.5,0,108.3,828.1,en0,30411,https://www.speedtest.net/result/c/fe620e02-afd5-4d9d-ba7f-4deca94ec29b
2026-07-09 19:24:10 EDT,2026-07-09T23:24:33Z,OK,247.3,201.7,10.0,1.5,0,19.2,167.4,en0,30411,https://www.speedtest.net/result/c/92b1c27b-e52c-494c-bf8c-621e812b1add
2026-07-09 19:54:35 EDT,2026-07-09T23:54:58Z,OK,217.2,175.8,10.1,1.6,0,35.0,48.3,en0,30411,https://www.speedtest.net/result/c/0cd02154-46b6-4de9-b305-bc8936799ee9
2026-07-10 04:56:42 EDT,2026-07-10T08:57:03Z,OK,191.5,97.6,15.5,6.2,1.0416666666666667,56.5,906.9,en0,30411,https://www.speedtest.net/result/c/abe5104f-aab6-4ffb-b474-aceacff1ea90
2026-07-10 05:27:05 EDT,2026-07-10T09:27:20Z,OK,242.4,135.9,13.1,3.5,0,34.2,402.0,en0,30411,https://www.speedtest.net/result/c/2198cdcd-a6ad-4e81-a799-9eff9e826558
2026-07-10 05:57:22 EDT,2026-07-10T09:57:37Z,OK,191.4,130.1,9.9,1.5,0,44.4,425.3,en0,30411,https://www.speedtest.net/result/c/3302540c-0d8d-4500-b970-a145d20f3332
2026-07-10 06:27:39 EDT,2026-07-10T10:27:54Z,OK,242.5,138.2,19.7,1.3,0,29.1,161.3,en0,30411,https://www.speedtest.net/result/c/872b2f2b-6573-4468-8774-b34cd18a6667
2026-07-10 06:57:56 EDT,2026-07-10T10:58:13Z,OK,245.3,137.3,11.3,3.9,0,27.8,497.2,en0,30411,https://www.speedtest.net/result/c/290a024f-a7a1-4457-b4d3-ec059aa42d50
2026-07-10 08:25:26 EDT,2026-07-10T12:25:40Z,OK,160.6,60.3,15.2,4.4,0,97.8,210.7,en0,30411,https://www.speedtest.net/result/c/6dc15c6b-199a-4272-adbd-02bf32ff5f7b
2026-07-10 09:12:34 EDT,2026-07-10T13:12:54Z,OK,217.3,151.2,9.9,1.5,0,40.1,33.6,en0,30411,https://www.speedtest.net/result/c/2f6a494f-7112-4bb8-8e18-7015b4334b6e
2026-07-10 09:42:56 EDT,2026-07-10T13:43:18Z,OK,203.6,112.7,10.8,6.7,0,38.5,434.4,en0,30411,https://www.speedtest.net/result/c/fbcd5739-f5e8-4623-984e-e95a27354731
2026-07-10 14:00:49 EDT,2026-07-10T18:01:08Z,OK,288.4,298.1,10.7,3.9,0,26.3,369.3,en0,30411,https://www.speedtest.net/result/c/b446aebc-5636-4cf0-b243-87e3f89e72c9
2026-07-10 15:23:50 EDT,2026-07-10T19:24:19Z,OK,174.9,167.5,19.6,0.5,1.0638297872340425,194.5,151.8,en0,30411,https://www.speedtest.net/result/c/b51a5ca0-28bc-4ad6-84ee-f16fe7a9bbd3
2026-07-10 21:50:42 EDT,,FAILED,,,,,,,,,30411,
2026-07-11 05:30:28 EDT,2026-07-11T09:30:50Z,OK,246.2,126.1,19.7,1.0,0,65.1,617.2,en0,30411,https://www.speedtest.net/result/c/d8f44b1e-56b5-4346-a147-e69ea9879c11
2026-07-11 06:00:52 EDT,2026-07-11T10:01:13Z,OK,251.0,178.5,9.2,1.7,0,37.5,181.5,en0,30411,https://www.speedtest.net/result/c/0368847b-dd14-44a6-bad1-d8da097d6b46
2026-07-11 06:31:15 EDT,2026-07-11T10:31:37Z,OK,231.8,99.7,11.1,5.8,0,26.7,187.8,en0,30411,https://www.speedtest.net/result/c/0100a405-0a45-401e-b744-c57968b566af
2026-07-11 07:01:38 EDT,2026-07-11T11:02:00Z,OK,142.2,85.2,10.5,4.5,0,105.6,532.1,en0,30411,https://www.speedtest.net/result/c/0732ed24-aa41-4b5b-a6d7-30733538c102
2026-07-11 07:32:01 EDT,2026-07-11T11:32:23Z,OK,175.9,113.1,11.5,1.8,0,21.0,456.6,en0,30411,https://www.speedtest.net/result/c/2db1b2eb-5673-4b82-bc0e-69af02cf5c0a
2026-07-11 08:02:25 EDT,2026-07-11T12:02:42Z,OK,209.6,136.1,10.2,1.1,0,56.8,460.9,en0,30411,https://www.speedtest.net/result/c/b02cc352-5e7a-446e-bce1-3efe7bcfb914
2026-07-11 08:32:44 EDT,2026-07-11T12:33:04Z,OK,306.1,128.5,19.6,2.4,0,196.8,563.5,en0,30411,https://www.speedtest.net/result/c/2713763f-7ada-4231-9e16-b3fc67f9398e
2026-07-11 09:03:05 EDT,2026-07-11T13:03:25Z,OK,253.7,131.0,19.6,2.3,0,23.9,56.1,en0,30411,https://www.speedtest.net/result/c/daf420ca-07cd-4fff-8d9c-7957d33b4254
2026-07-11 09:33:27 EDT,2026-07-11T13:33:47Z,OK,206.6,123.0,15.4,7.9,0,21.9,440.2,en0,30411,https://www.speedtest.net/result/c/34113115-2703-47f0-8cd1-725fb5d23b1e
2026-07-11 10:18:06 EDT,2026-07-11T14:18:22Z,OK,237.6,125.7,10.0,1.6,0,27.4,172.4,en0,30411,https://www.speedtest.net/result/c/505b2f9c-4223-416c-8f6b-9628bb2854d3
2026-07-11 10:48:23 EDT,2026-07-11T14:48:40Z,OK,207.1,107.0,9.7,0.3,0,46.1,398.4,en0,30411,https://www.speedtest.net/result/c/b95798dd-288c-4034-934e-2f1095449cc9
2026-07-11 11:18:42 EDT,2026-07-11T15:19:02Z,OK,177.0,127.8,19.2,1.5,0,199.8,192.7,en0,30411,https://www.speedtest.net/result/c/fafe4e8b-9f9e-4cb1-98eb-22d4c9d6c461
2026-07-11 11:49:04 EDT,2026-07-11T15:49:35Z,OK,201.5,4.0,10.8,4.9,0,248.7,1736.4,en0,30411,https://www.speedtest.net/result/c/702e148a-7651-4b8c-9b90-e9e98a73b7d6
2026-07-11 12:19:40 EDT,2026-07-11T16:20:01Z,OK,208.0,98.5,19.8,1.4,0,43.4,546.9,en0,30411,https://www.speedtest.net/result/c/9a0a9ac3-466b-40f0-96fc-3280d14bcb03
2026-07-11 12:50:03 EDT,2026-07-11T16:50:22Z,OK,192.5,100.2,19.3,1.3,0,237.5,149.7,en0,30411,https://www.speedtest.net/result/c/aba7cd9f-4b6e-4988-ab0a-0fd604bf7e73
2026-07-11 13:20:23 EDT,2026-07-11T17:20:40Z,OK,216.1,99.0,20.4,1.6,0,41.2,193.4,en0,30411,https://www.speedtest.net/result/c/c881765c-e423-4e1a-8b57-2154a676d728
2026-07-11 13:50:41 EDT,2026-07-11T17:51:02Z,OK,194.8,98.4,20.0,2.4,0,25.5,522.5,en0,30411,https://www.speedtest.net/result/c/0820f322-d303-4848-8226-403359ed8d15
2026-07-11 14:21:04 EDT,2026-07-11T18:21:24Z,OK,186.4,97.1,19.7,0.8,0,50.3,484.4,en0,30411,https://www.speedtest.net/result/c/d64fbb5f-ab26-4e15-bde6-c45ebb57cae8
2026-07-11 14:51:25 EDT,2026-07-11T18:51:45Z,OK,196.5,95.4,19.7,1.0,0,40.3,523.6,en0,30411,https://www.speedtest.net/result/c/90c7e507-8d8a-44d7-b313-7f236101496b
2026-07-11 15:21:47 EDT,2026-07-11T19:22:08Z,OK,168.3,79.5,19.4,1.9,0,64.1,507.7,en0,30411,https://www.speedtest.net/result/c/5b731011-3419-4a9d-b189-31733d57be51
2026-07-11 15:52:09 EDT,2026-07-11T19:52:23Z,OK,189.9,77.0,19.7,0.7,0,43.5,460.9,en0,30411,https://www.speedtest.net/result/c/6a221609-361d-46c6-b42e-f02016c11447
2026-07-11 16:22:24 EDT,2026-07-11T20:22:50Z,OK,160.8,86.5,19.3,1.3,0,266.9,440.1,en0,30411,https://www.speedtest.net/result/c/a6170c19-e8b6-47b6-a804-9db1eb18cc75
2026-07-11 16:52:51 EDT,2026-07-11T20:53:17Z,OK,165.3,74.2,16.3,8.0,0,672.1,711.4,en0,30411,https://www.speedtest.net/result/c/ea391c18-f9e4-44c6-ab1b-a70d4420cf1a
2026-07-11 17:23:18 EDT,2026-07-11T21:23:32Z,OK,178.1,77.6,20.0,0.9,0,48.0,568.8,en0,30411,https://www.speedtest.net/result/c/8b0f5bba-bf6f-4428-baef-28505c384973
2026-07-11 17:53:33 EDT,2026-07-11T21:53:57Z,OK,188.7,78.8,19.4,3.3,0,50.1,71.9,en0,30411,https://www.speedtest.net/result/c/4a8caa7f-6891-4fbd-b69f-adaeee99a999
2026-07-11 18:23:58 EDT,2026-07-11T22:24:21Z,OK,160.0,72.4,19.1,2.4,0,50.4,578.5,en0,30411,https://www.speedtest.net/result/c/dd992f6a-d6d1-40a7-960a-a6bb530f8b77
2026-07-11 18:54:23 EDT,2026-07-11T22:54:48Z,OK,163.8,77.2,19.8,0.7,0,36.3,499.7,en0,30411,https://www.speedtest.net/result/c/5de28213-cad8-456b-9704-acaac3725dbf
2026-07-11 19:24:49 EDT,2026-07-11T23:25:14Z,OK,197.4,86.0,20.1,9.8,0,48.4,477.1,en0,30411,https://www.speedtest.net/result/c/d0dc88c0-7e6b-4746-98ca-1cc58e37609f
2026-07-11 19:55:16 EDT,2026-07-11T23:55:38Z,OK,176.2,78.3,24.1,4.4,0,59.6,194.1,en0,30411,https://www.speedtest.net/result/c/d73fe620-5f09-4d95-8a81-ff9cc38b31cd
2026-07-11 20:25:40 EDT,2026-07-12T00:25:59Z,OK,186.5,91.4,19.4,1.1,0,53.8,279.7,en0,30411,https://www.speedtest.net/result/c/af87bbd5-5b6b-4a03-874e-57435c399427
2026-07-11 20:56:01 EDT,2026-07-12T00:56:27Z,OK,292.6,252.4,19.4,2.8,0,30.5,399.8,en0,30411,https://www.speedtest.net/result/c/1402eafd-a0d8-4771-9174-63999cf5daba
2026-07-11 21:26:28 EDT,2026-07-12T01:26:57Z,OK,199.8,169.2,19.6,1.3,0,35.6,445.4,en0,30411,https://www.speedtest.net/result/c/9b978e2a-b1ff-4759-86cb-a996b8d99c34
2026-07-11 21:56:58 EDT,2026-07-12T01:57:17Z,OK,302.6,246.9,19.6,0.4,0,220.1,376.6,en0,30411,https://www.speedtest.net/result/c/e17217da-79fd-482c-aa18-f6f94ed9039d
2026-07-11 22:27:19 EDT,2026-07-12T02:27:42Z,OK,301.8,242.2,19.7,0.9,0,204.8,380.9,en0,30411,https://www.speedtest.net/result/c/a78cbe35-30ec-44b9-9b13-193c14556092
2026-07-11 22:57:43 EDT,2026-07-12T02:58:10Z,OK,217.4,216.7,20.6,4.3,0,250.4,392.5,en0,30411,https://www.speedtest.net/result/c/68af85ac-c079-4dea-9fc5-90a1087490ea
2026-07-11 23:28:12 EDT,2026-07-12T03:28:32Z,OK,296.2,191.8,19.7,1.5,0,194.3,409.0,en0,30411,https://www.speedtest.net/result/c/11bd6469-528e-48c6-b00e-7c8b960be530
2026-07-11 23:58:34 EDT,2026-07-12T03:58:53Z,OK,305.0,259.6,19.8,1.6,0,50.3,29.2,en0,30411,https://www.speedtest.net/result/c/53af2fd5-844e-4844-ae4b-333d28ea630a
2026-07-12 00:28:55 EDT,2026-07-12T04:29:15Z,OK,307.7,258.0,19.7,1.0,0,46.4,29.9,en0,30411,https://www.speedtest.net/result/c/e789b585-e829-45c3-8a4d-4bd0f7c3258f
2026-07-12 00:59:17 EDT,2026-07-12T04:59:38Z,OK,305.3,253.6,18.9,4.2,0,36.3,42.8,en0,30411,https://www.speedtest.net/result/c/139f0082-fd1d-4755-a16c-f40f349db89f
2026-07-12 01:29:39 EDT,2026-07-12T05:30:03Z,OK,295.4,244.5,16.9,2.8,0,71.9,167.9,en0,30411,https://www.speedtest.net/result/c/08f7d1ac-b111-463e-8788-e682b8ecaa6c
2026-07-12 02:00:05 EDT,2026-07-12T06:00:29Z,OK,307.1,244.4,19.7,1.5,0,40.3,427.1,en0,30411,https://www.speedtest.net/result/c/7f0178c0-a458-4d52-bbe8-6e67d898709f
2026-07-12 02:30:30 EDT,2026-07-12T06:30:58Z,OK,259.3,253.2,19.9,1.7,0,23.8,154.3,en0,30411,https://www.speedtest.net/result/c/e6d2bfeb-ab22-4a63-9ff4-5a062fa42883
2026-07-12 03:01:00 EDT,2026-07-12T07:01:24Z,OK,305.4,246.9,13.1,6.7,0,43.7,148.5,en0,30411,https://www.speedtest.net/result/c/df6df843-3a70-4ea8-90a0-3a6d20495631
2026-07-12 03:31:25 EDT,2026-07-12T07:31:43Z,OK,305.0,243.2,20.0,2.9,0,58.5,46.2,en0,30411,https://www.speedtest.net/result/c/54f1a655-4856-49b7-86df-377f319a66b7
2026-07-12 04:01:45 EDT,2026-07-12T08:02:05Z,OK,305.6,234.9,19.7,2.6,0,50.7,186.0,en0,30411,https://www.speedtest.net/result/c/94713d16-d683-4f74-ac8a-4f4ae4f9bd93
2026-07-12 04:32:06 EDT,2026-07-12T08:32:24Z,OK,268.9,247.4,18.8,3.9,0,29.9,27.6,en0,30411,https://www.speedtest.net/result/c/3542db70-7ae4-4be8-acc5-74e5dc02bc41
2026-07-12 05:02:26 EDT,2026-07-12T09:02:46Z,OK,288.9,247.7,18.3,5.2,0,29.4,43.6,en0,30411,https://www.speedtest.net/result/c/b567a122-ef3c-45a8-8188-160cc3741d15
2026-07-12 05:32:47 EDT,2026-07-12T09:33:06Z,OK,305.4,238.4,19.3,2.6,0,49.7,197.3,en0,30411,https://www.speedtest.net/result/c/f654cc2d-c7d4-4582-9f2d-0cd36fc508e3
2026-07-12 06:03:07 EDT,2026-07-12T10:03:30Z,OK,188.4,98.9,10.7,5.2,0,258.0,724.1,en0,30411,https://www.speedtest.net/result/c/a860e61c-0126-4457-81e4-6eb8786e1922
2026-07-12 06:33:32 EDT,2026-07-12T10:33:44Z,OK,214.5,103.2,10.0,5.9,0,38.5,52.0,en0,30411,https://www.speedtest.net/result/c/2422b5f6-526f-4dcd-9fa0-03352b7be672
2026-07-12 07:03:46 EDT,2026-07-12T11:04:04Z,OK,231.2,106.3,19.6,0.7,0,35.6,416.2,en0,30411,https://www.speedtest.net/result/c/30505c87-fe64-4dbe-b66d-53a233c70611
2026-07-12 07:34:05 EDT,2026-07-12T11:34:29Z,OK,226.8,118.3,20.0,0.6,0,40.1,174.9,en0,30411,https://www.speedtest.net/result/c/839540e4-25e5-43da-9f7a-0f162caa03af
2026-07-12 08:04:31 EDT,2026-07-12T12:04:50Z,OK,307.9,121.0,19.8,1.8,0,429.4,635.6,en0,30411,https://www.speedtest.net/result/c/25ed506d-3be5-4a36-a01f-f8f246f7344d
2026-07-12 08:34:52 EDT,2026-07-12T12:35:14Z,OK,235.1,122.7,18.3,5.7,0,32.1,70.0,en0,30411,https://www.speedtest.net/result/c/716b3252-ce3f-40f4-8b3d-6324ce7bc152
2026-07-12 09:05:16 EDT,2026-07-12T13:05:35Z,OK,187.1,135.6,19.7,1.0,0,31.4,174.6,en0,30411,https://www.speedtest.net/result/c/62e54d0b-648c-43f8-8d1a-f05f6719120f
2026-07-12 09:35:36 EDT,2026-07-12T13:35:54Z,OK,250.7,124.7,18.5,3.4,0,34.3,624.6,en0,30411,https://www.speedtest.net/result/c/3eac968a-ef28-44fd-88ef-a003bce934a6
2026-07-12 10:05:56 EDT,2026-07-12T14:06:19Z,OK,203.6,125.9,12.9,5.4,0,56.5,440.6,en0,30411,https://www.speedtest.net/result/c/2c2b34dc-6dc6-49ef-871b-8ab878f3c270
2026-07-12 10:36:21 EDT,2026-07-12T14:36:40Z,OK,225.2,123.2,19.7,0.8,0,26.1,182.2,en0,30411,https://www.speedtest.net/result/c/43aed7c0-1284-4009-a3a7-e309351689e5
2026-07-12 11:06:42 EDT,2026-07-12T15:07:01Z,OK,243.8,135.2,19.6,0.5,0,33.1,431.6,en0,30411,https://www.speedtest.net/result/c/b74a8d20-0f99-4654-9d6e-739ac83af5c2
2026-07-12 11:37:03 EDT,2026-07-12T15:37:24Z,OK,225.3,138.5,19.3,1.3,0,40.3,68.8,en0,30411,https://www.speedtest.net/result/c/39bdd856-3d49-4a5c-84a0-f02870accd62
2026-07-12 12:07:26 EDT,2026-07-12T16:07:41Z,OK,265.1,142.4,19.4,2.0,0,39.0,195.7,en0,30411,https://www.speedtest.net/result/c/4d558f2c-81b0-49a0-aa51-2adbf222608a
2026-07-12 12:37:42 EDT,2026-07-12T16:38:14Z,OK,212.0,102.7,19.9,0.8,0,118.5,470.5,en0,30411,https://www.speedtest.net/result/c/00c76473-4a12-4259-b8ee-0edb834bd88a
2026-07-12 13:08:15 EDT,2026-07-12T17:08:38Z,OK,205.3,103.4,19.8,1.2,0,32.8,500.3,en0,30411,https://www.speedtest.net/result/c/654ce8be-3e93-46f0-a041-d75f6a999e5f
2026-07-12 13:38:40 EDT,2026-07-12T17:38:59Z,OK,170.5,98.5,19.7,0.8,0,61.9,897.6,en0,30411,https://www.speedtest.net/result/c/8449f572-f497-46e4-a474-bfcc36412a2d
2026-07-12 14:09:01 EDT,2026-07-12T18:09:21Z,OK,215.4,95.4,19.7,1.4,0,33.5,455.2,en0,30411,https://www.speedtest.net/result/c/f13316df-c35c-4d70-8706-7c04040d78e6
2026-07-12 14:39:22 EDT,2026-07-12T18:39:39Z,OK,193.0,101.7,19.6,1.6,0,30.7,594.1,en0,30411,https://www.speedtest.net/result/c/14fe9253-5a6d-4791-9d89-40c226fca6b5
2026-07-12 15:09:40 EDT,2026-07-12T19:09:56Z,OK,209.6,90.3,16.8,4.6,0,49.1,487.1,en0,30411,https://www.speedtest.net/result/c/be24af70-af26-4f83-9af9-99c52da66ff6
2026-07-12 15:39:58 EDT,2026-07-12T19:40:19Z,OK,165.8,97.7,18.6,1.8,0,253.9,490.0,en0,30411,https://www.speedtest.net/result/c/1cabdce9-c4f2-4f16-89d0-7515cf05d0d1
2026-07-12 16:10:20 EDT,2026-07-12T20:10:34Z,OK,206.4,97.1,19.8,0.6,0,23.7,449.7,en0,30411,https://www.speedtest.net/result/c/9c1afe27-2d29-48b2-aa91-e5e7b8227813
2026-07-12 16:40:35 EDT,2026-07-12T20:40:56Z,OK,238.8,159.7,10.4,6.0,0,30.6,517.2,en0,30411,https://www.speedtest.net/result/c/468a7c67-76fe-4638-92b3-c9d737100fd3
2026-07-12 17:10:57 EDT,2026-07-12T21:11:16Z,OK,182.3,98.6,12.5,6.1,0,35.6,445.9,en0,30411,https://www.speedtest.net/result/c/906e9073-f87b-4332-87b5-a1e1c6d84483
2026-07-12 17:41:18 EDT,2026-07-12T21:41:49Z,OK,201.6,105.4,10.2,4.5,0,103.5,60.2,en0,30411,https://www.speedtest.net/result/c/4668d16a-3d2c-4d46-8be4-d260e7777eef
2026-07-12 18:11:50 EDT,2026-07-12T22:12:09Z,OK,215.9,99.0,16.4,4.8,0,39.1,187.8,en0,30411,https://www.speedtest.net/result/c/34acc6ae-1bdc-4366-9632-80f6f0fe3b42
2026-07-12 18:42:11 EDT,2026-07-12T22:42:35Z,OK,217.2,106.5,9.9,1.7,0,35.3,181.4,en0,30411,https://www.speedtest.net/result/c/d2fa7834-2e68-4ba3-ba34-83ef85708db1
2026-07-12 19:12:36 EDT,2026-07-12T23:13:00Z,OK,240.2,127.6,19.0,4.8,0,37.4,406.5,en0,30411,https://www.speedtest.net/result/c/033cca83-c996-4408-a57c-7bf6bc84c9d1
2026-07-12 19:43:02 EDT,2026-07-12T23:43:24Z,OK,207.1,138.0,10.0,1.5,0,30.0,139.5,en0,30411,https://www.speedtest.net/result/c/3f5cae3f-8a43-4a76-93e2-d6ca99a7b776
2026-07-12 20:13:26 EDT,2026-07-13T00:13:51Z,OK,173.3,91.7,13.4,6.9,0,49.6,481.9,en0,30411,https://www.speedtest.net/result/c/89595bd0-ae67-4cdf-b9cb-5367bfb3af3b
2026-07-12 20:43:52 EDT,2026-07-13T00:44:10Z,OK,254.2,108.9,19.0,4.0,0,38.2,412.6,en0,30411,https://www.speedtest.net/result/c/733a61b9-ec3a-4201-8a48-5602e9a16173
2026-07-12 21:14:11 EDT,2026-07-13T01:14:31Z,OK,229.0,134.1,9.8,0.8,0,33.5,709.2,en0,30411,https://www.speedtest.net/result/c/7d1c1984-d7cb-4a90-92ad-e104b502c54a
2026-07-12 21:44:32 EDT,2026-07-13T01:44:58Z,OK,199.1,134.7,16.3,5.7,0,33.7,429.3,en0,30411,https://www.speedtest.net/result/c/a761fb8c-2962-4ae9-87f0-641246fe2693
2026-07-12 22:15:00 EDT,2026-07-13T02:15:22Z,OK,203.0,139.4,9.3,1.0,0,41.9,424.5,en0,30411,https://www.speedtest.net/result/c/477ef002-44c7-4e11-86eb-f2e667d89539
2026-07-12 22:45:24 EDT,2026-07-13T02:45:47Z,OK,241.9,104.5,10.0,1.4,0,42.0,46.8,en0,30411,https://www.speedtest.net/result/c/be0b02a3-52c1-4ee3-82f2-60df7234b986
2026-07-12 23:15:49 EDT,2026-07-13T03:16:19Z,OK,258.6,118.0,9.4,1.1,0,33.7,618.9,en0,30411,https://www.speedtest.net/result/c/1df744a9-de04-4d84-92d0-f6d67040b742
2026-07-12 23:46:20 EDT,2026-07-13T03:46:41Z,OK,246.7,146.5,19.6,0.3,0,34.1,163.1,en0,30411,https://www.speedtest.net/result/c/cdb22a52-6b6c-430f-b8ea-9a793f68a6e4
2026-07-13 00:16:42 EDT,2026-07-13T04:16:56Z,OK,247.2,138.1,10.0,1.8,0,28.5,122.1,en0,30411,https://www.speedtest.net/result/c/85a8f89f-4132-4aad-b260-86837a2b48b2
2026-07-13 00:46:57 EDT,2026-07-13T04:47:22Z,OK,218.3,142.6,10.8,3.6,0,28.1,409.0,en0,30411,https://www.speedtest.net/result/c/93067ae3-4059-4c73-9d7b-4a88786356f7
2026-07-13 01:17:24 EDT,2026-07-13T05:17:42Z,OK,224.6,138.9,10.0,2.1,0,231.9,152.8,en0,30411,https://www.speedtest.net/result/c/679de7b7-70ff-4c39-88e5-c99b93c39228
2026-07-13 01:47:43 EDT,2026-07-13T05:48:06Z,OK,201.9,135.2,9.9,4.9,0,26.7,423.9,en0,30411,https://www.speedtest.net/result/c/fa1c2a2b-e8af-4ddc-90fa-f468a3d23fcd
2026-07-13 02:18:08 EDT,2026-07-13T06:18:32Z,OK,190.5,140.4,11.0,4.0,0,26.4,166.2,en0,30411,https://www.speedtest.net/result/c/5913c9bc-3dbd-4489-9118-0e4ad1bac7ef
2026-07-13 02:48:33 EDT,2026-07-13T06:48:55Z,OK,254.3,142.1,10.0,1.5,0,31.7,430.5,en0,30411,https://www.speedtest.net/result/c/3561a47a-1f79-41d9-8f1f-2e8323e4fe23
2026-07-13 03:18:57 EDT,2026-07-13T07:19:14Z,OK,259.8,138.5,10.1,1.2,0,23.2,50.5,en0,30411,https://www.speedtest.net/result/c/34c5ea69-385e-4530-bdad-e3a72419b13c
2026-07-13 03:49:15 EDT,2026-07-13T07:49:37Z,OK,214.7,133.9,10.7,5.2,0,223.6,409.2,en0,30411,https://www.speedtest.net/result/c/a2048d10-0e17-420c-8016-4b0d8904c2a4
2026-07-13 04:19:39 EDT,2026-07-13T08:20:02Z,OK,249.1,139.4,19.7,1.1,0,247.4,164.8,en0,30411,https://www.speedtest.net/result/c/0ed64920-c202-4f79-9c60-c885e2a49cda
2026-07-13 04:50:03 EDT,2026-07-13T08:50:21Z,OK,233.3,98.3,19.9,1.7,0,40.9,54.2,en0,30411,https://www.speedtest.net/result/c/813ce457-2ed4-4a96-b1af-cdd32e2a93a1
2026-07-13 05:20:22 EDT,2026-07-13T09:20:43Z,OK,221.4,96.5,20.0,1.0,0,93.8,503.3,en0,30411,https://www.speedtest.net/result/c/644d7b21-a8ba-48c1-b695-2a18d0d88da5
2026-07-13 05:50:45 EDT,2026-07-13T09:51:07Z,OK,209.0,98.9,19.3,1.6,0,59.4,489.5,en0,30411,https://www.speedtest.net/result/c/f17acd4d-0c1d-4997-bd9b-4bb87d0fe005
2026-07-13 06:21:09 EDT,2026-07-13T10:21:27Z,OK,197.3,96.5,20.1,2.2,0,43.0,526.4,en0,30411,https://www.speedtest.net/result/c/6bbf8087-637c-46c7-a6c2-4df189002e42
2026-07-13 06:51:28 EDT,2026-07-13T10:51:42Z,OK,256.5,97.5,19.7,0.8,0,42.1,479.8,en0,30411,https://www.speedtest.net/result/c/80d37e6e-553f-429a-9023-980b3eba1d5b
2026-07-13 07:29:53 EDT,,FAILED,,,,,,,,,30411,
2026-07-13 07:59:54 EDT,,FAILED,,,,,,,,,30411,
2026-07-13 09:09:18 EDT,,FAILED,,,,,,,,,30411,
2026-07-13 12:16:57 EDT,,FAILED,,,,,,,,,30411,
2026-07-13 14:52:39 EDT,,FAILED,,,,,,,,,30411,
2026-07-13 16:14:31 EDT,,FAILED,,,,,,,,,30411,
2026-07-13 16:56:37 EDT,,FAILED,,,,,,,,,30411,
2026-07-13 17:35:48 EDT,,FAILED,,,,,,,,,30411,
2026-07-13 18:05:48 EDT,,FAILED,,,,,,,,,30411,
2026-07-13 18:38:55 EDT,2026-07-13T22:39:21Z,OK,182.5,172.6,10.0,1.5,0,20.9,162.5,en0,30411,https://www.speedtest.net/result/c/1032b9d9-24f1-42ac-9f96-7e1a3ce30df5
2026-07-13 19:09:22 EDT,2026-07-13T23:09:50Z,OK,217.9,171.9,9.7,1.5,0,28.3,153.7,en0,30411,https://www.speedtest.net/result/c/0c802ce5-9cad-4b9c-b061-015541d8e92a
2026-07-13 19:39:51 EDT,2026-07-13T23:40:03Z,OK,251.3,178.5,10.0,1.2,0,30.8,31.6,en0,30411,https://www.speedtest.net/result/c/dbb6c2b0-5f78-4438-86ea-5207e00edd26
2026-07-13 20:10:05 EDT,2026-07-14T00:10:31Z,OK,235.9,211.8,9.9,1.7,0,186.8,27.1,en0,30411,https://www.speedtest.net/result/c/68d14e8d-af9b-42db-9d46-0151b2643684
2026-07-13 20:40:32 EDT,2026-07-14T00:40:49Z,OK,176.5,210.7,10.1,1.3,0,17.5,145.2,en0,30411,https://www.speedtest.net/result/c/9325d3d9-436c-4468-a655-60372ed25fe4
2026-07-13 21:10:51 EDT,2026-07-14T01:11:08Z,OK,224.2,169.0,19.6,1.4,0,31.9,392.9,en0,30411,https://www.speedtest.net/result/c/d999af0b-ff5a-420f-8097-d9e126ec6975
2026-07-13 21:41:09 EDT,2026-07-14T01:41:27Z,OK,252.7,193.9,9.3,1.0,0,29.4,389.2,en0,30411,https://www.speedtest.net/result/c/55b40077-3e58-4d6d-a03c-28e0b555b624
2026-07-13 22:11:28 EDT,2026-07-14T02:11:47Z,OK,259.2,208.4,19.8,1.2,0,26.4,431.1,en0,30411,https://www.speedtest.net/result/c/1b4bda1b-41d7-4217-8192-5ddca2d16569
2026-07-13 22:41:48 EDT,2026-07-14T02:42:05Z,OK,263.1,189.7,10.0,0.3,0,25.6,39.9,en0,30411,https://www.speedtest.net/result/c/130bac4c-c159-4def-b7bc-c059f21bccce
2026-07-14 05:37:51 EDT,2026-07-14T09:38:19Z,OK,187.7,150.6,9.7,1.2,0,116.0,394.7,en0,30411,https://www.speedtest.net/result/c/c1788006-2e9e-46bd-aec1-5a2bacac4009
2026-07-14 07:02:46 EDT,,FAILED,,,,,,,,,30411,
2026-07-14 12:43:30 EDT,,FAILED,,,,,,,,,30411,
2026-07-14 18:17:42 EDT,,FAILED,,,,,,,,,30411,
2026-07-14 21:36:48 EDT,2026-07-15T01:37:13Z,OK,251.0,234.5,19.8,0.9,0,27.2,47.4,en0,30411,https://www.speedtest.net/result/c/da89f1b1-6e62-424c-8133-908ff5495879
2026-07-14 22:07:15 EDT,2026-07-15T02:07:41Z,OK,234.6,220.0,16.2,6.6,0,102.5,394.7,en0,30411,https://www.speedtest.net/result/c/9d683586-789c-4a4c-83f6-35f51508817c
2026-07-14 22:37:42 EDT,2026-07-15T02:38:01Z,OK,305.0,237.0,20.9,3.7,0,210.7,923.6,en0,30411,https://www.speedtest.net/result/c/cc2a06cd-e267-4d5c-8cc5-9bd3ca616726
2026-07-15 02:55:37 EDT,2026-07-15T06:55:57Z,OK,216.1,144.6,19.6,2.9,0,30.5,494.6,en0,30411,https://www.speedtest.net/result/c/dd0807eb-c03a-4ea6-967f-e1292aba8dba
2026-07-15 05:55:53 EDT,2026-07-15T09:56:24Z,OK,196.8,99.1,19.7,2.0,0,37.8,556.5,en0,30411,https://www.speedtest.net/result/c/c42d0167-1769-438a-ae54-8c24237ce1bc
2026-07-15 06:26:26 EDT,2026-07-15T10:26:45Z,OK,175.2,76.3,19.7,3.6,0,41.3,565.3,en0,30411,https://www.speedtest.net/result/c/daaa3b35-1221-4c12-a02a-19cb9f3b43d0
2026-07-15 06:56:47 EDT,2026-07-15T10:57:13Z,OK,197.0,93.8,19.6,0.6,0,76.7,516.4,en0,30411,https://www.speedtest.net/result/c/a061e275-651c-4d82-a95b-e17c56a138db
2026-07-15 07:27:15 EDT,2026-07-15T11:27:40Z,OK,202.6,88.2,19.4,0.8,0,42.0,488.1,en0,30411,https://www.speedtest.net/result/c/2df596a7-eca2-49fc-be06-bf643437506c
2026-07-15 07:57:42 EDT,2026-07-15T11:58:01Z,OK,212.5,95.9,13.1,7.5,0,37.2,114.1,en0,30411,https://www.speedtest.net/result/c/252d335a-e1ef-4e79-bc25-7a33c2ea27e9
2026-07-15 08:28:02 EDT,2026-07-15T12:28:28Z,OK,244.0,97.2,19.7,1.2,0,53.8,465.8,en0,30411,https://www.speedtest.net/result/c/ecd44d6a-e467-4079-9081-efa794a80dc6
2026-07-15 09:06:03 EDT,2026-07-15T13:06:22Z,OK,277.5,190.0,9.7,0.5,0,33.5,176.9,en0,30411,https://www.speedtest.net/result/c/28538ad2-c9aa-4897-a6c3-b9703acd8d4f
2026-07-15 09:36:24 EDT,2026-07-15T13:36:38Z,OK,209.1,141.2,19.7,2.6,0,29.6,447.0,en0,30411,https://www.speedtest.net/result/c/f794b588-b4e9-4edf-9017-644528add92d
2026-07-15 10:06:40 EDT,2026-07-15T14:06:59Z,OK,205.7,99.1,19.7,1.6,0,28.9,499.3,en0,30411,https://www.speedtest.net/result/c/b96a37df-4fab-42a2-89c5-03ecac026502
2026-07-15 10:37:01 EDT,2026-07-15T14:37:17Z,OK,204.5,90.7,19.3,5.5,0,44.2,490.4,en0,30411,https://www.speedtest.net/result/c/694fbba8-3274-4363-a81d-c649921b27cd
2026-07-15 11:07:19 EDT,2026-07-15T15:07:34Z,OK,216.2,149.9,9.4,2.8,0,33.2,418.9,en0,30411,https://www.speedtest.net/result/c/e9f624d4-87a5-4365-b766-8e0fb437deca
2026-07-15 11:37:36 EDT,2026-07-15T15:37:54Z,OK,242.8,121.1,10.8,3.8,0,42.4,424.2,en0,30411,https://www.speedtest.net/result/c/297f6d3b-06f1-4e18-9556-12abc66bd45d
2026-07-15 12:07:55 EDT,2026-07-15T16:08:11Z,OK,255.4,113.5,9.3,0.7,0,40.5,494.5,en0,30411,https://www.speedtest.net/result/c/3bd07e7b-bfb7-4e36-9451-68832ff0b1ef
2026-07-15 12:38:13 EDT,2026-07-15T16:38:38Z,OK,198.1,80.6,10.2,1.4,0,53.5,580.3,en0,30411,https://www.speedtest.net/result/c/44d8b814-736d-4c97-8584-5409d2ad40b3
2026-07-15 13:08:40 EDT,2026-07-15T17:09:02Z,OK,212.7,115.4,10.0,1.8,0,30.0,429.3,en0,30411,https://www.speedtest.net/result/c/781b1f4a-b56a-4859-9254-1e7a601af2e3
2026-07-15 13:46:13 EDT,2026-07-15T17:46:32Z,OK,216.4,151.3,10.0,1.0,0,32.1,55.0,en0,30411,https://www.speedtest.net/result/c/fcfbd38a-8424-449a-8532-5f4d3ebc3024
2026-07-15 14:33:23 EDT,2026-07-15T18:33:41Z,OK,246.9,152.4,9.5,0.7,0,29.7,146.7,en0,30411,https://www.speedtest.net/result/c/f3ca1c7c-f89e-46fb-a940-ff5bca7a0659
2026-07-15 15:03:42 EDT,2026-07-15T19:04:01Z,OK,220.9,150.9,9.3,1.0,0,24.7,168.0,en0,30411,https://www.speedtest.net/result/c/5d9f3c97-aca1-4ba0-99dc-9720124ca031
2026-07-15 15:37:35 EDT,2026-07-15T19:37:51Z,OK,260.7,154.0,9.9,1.9,0,31.2,49.7,en0,30411,https://www.speedtest.net/result/c/a2e63b90-7c8f-4111-9443-2c553c0efa8f
2026-07-15 16:07:53 EDT,2026-07-15T20:08:17Z,OK,258.6,158.3,9.9,1.7,0,36.0,453.5,en0,30411,https://www.speedtest.net/result/c/7fa42f6c-136d-4110-8463-277987fd6d30
2026-07-15 16:38:19 EDT,2026-07-15T20:38:37Z,OK,238.1,151.2,18.1,4.6,0,28.8,165.5,en0,30411,https://www.speedtest.net/result/c/14f5eecf-db90-4c2b-b708-8985c3916e1a
2026-07-15 17:08:39 EDT,2026-07-15T21:08:58Z,OK,203.0,178.6,19.3,2.8,0,19.8,52.1,en0,30411,https://www.speedtest.net/result/c/d289cdbb-4df3-4046-a55c-bf203db2715f
2026-07-15 17:38:59 EDT,2026-07-15T21:39:23Z,OK,253.3,160.4,9.7,1.0,0,29.4,420.1,en0,30411,https://www.speedtest.net/result/c/73206e1f-98e7-4ff0-bd85-6429b2526f56
2026-07-15 18:09:25 EDT,2026-07-15T22:09:45Z,OK,206.0,155.2,19.7,1.5,0,29.3,164.9,en0,30411,https://www.speedtest.net/result/c/638fe969-b9a6-4e38-9787-b91a6d56c30f
2026-07-15 21:28:43 EDT,2026-07-16T01:29:10Z,OK,210.7,29.7,10.4,5.1,0,78.5,1837.6,en0,30411,https://www.speedtest.net/result/c/a286eb49-dd4c-4a61-85aa-bb0c76514b5b
2026-07-16 08:26:22 EDT,,FAILED,,,,,,,,,30411,
2026-07-16 17:46:45 EDT,,FAILED,,,,,,,,,30411,
2026-07-16 20:57:27 EDT,2026-07-17T00:57:51Z,OK,251.7,217.2,16.2,6.5,0,43.8,389.1,en0,30411,https://www.speedtest.net/result/c/e179dc98-d676-4bf4-9169-70cfd4688cf8
2026-07-16 21:27:52 EDT,2026-07-17T01:28:12Z,OK,303.7,207.0,19.6,0.9,0,143.5,38.4,en0,30411,https://www.speedtest.net/result/c/6c0bde2c-197e-41e5-93a3-25c90bcbd664
2026-07-16 21:58:14 EDT,2026-07-17T01:58:33Z,OK,278.0,211.8,20.0,2.0,0,27.8,162.1,en0,30411,https://www.speedtest.net/result/c/2e68e5d7-bef4-4511-b32d-61b48bec2947
2026-07-17 08:16:51 EDT,2026-07-17T12:17:21Z,OK,189.4,217.5,19.8,1.4,5.617977528089888,1305.3,406.6,en0,30411,https://www.speedtest.net/result/c/6b7bc380-7d64-43cc-9384-7788cf40b617
2026-07-17 09:41:15 EDT,2026-07-17T13:41:31Z,OK,238.1,87.1,9.6,3.0,0,21.7,442.6,en0,30411,https://www.speedtest.net/result/c/9f63e30c-157c-496c-be93-8ff20972055c
2026-07-17 10:11:33 EDT,2026-07-17T14:11:51Z,OK,231.6,131.3,10.0,0.7,0,35.7,405.0,en0,30411,https://www.speedtest.net/result/c/4cd6aa52-a27f-4e11-ae41-102bd19e76fb
2026-07-17 10:41:52 EDT,2026-07-17T14:42:21Z,OK,199.0,70.9,10.5,2.2,0,48.9,680.5,en0,30411,https://www.speedtest.net/result/c/ad8489cb-ae34-4f78-954c-8355acf934a9
2026-07-17 11:12:23 EDT,2026-07-17T15:12:43Z,OK,206.9,86.8,12.8,4.8,0,20.4,710.3,en0,30411,https://www.speedtest.net/result/c/d731810f-211c-45bb-90bc-6e17c7b30e71
2026-07-17 11:42:45 EDT,2026-07-17T15:43:08Z,OK,208.6,85.7,9.6,1.0,0,30.4,428.0,en0,30411,https://www.speedtest.net/result/c/1efeb3d1-b513-4b01-b34f-fb2160502aac
2026-07-17 12:13:09 EDT,2026-07-17T16:13:38Z,OK,197.8,93.5,9.8,1.1,0,209.2,490.1,en0,30411,https://www.speedtest.net/result/c/1a559d58-3658-452e-ae08-49f23a2bd74d
2026-07-17 12:43:39 EDT,2026-07-17T16:43:58Z,OK,241.1,105.3,19.7,2.3,0,28.4,61.8,en0,30411,https://www.speedtest.net/result/c/0fc2471a-c564-4b48-982c-a939083dfe5a
2026-07-17 13:14:00 EDT,2026-07-17T17:14:32Z,OK,238.1,86.2,19.1,5.5,0,243.1,469.1,en0,30411,https://www.speedtest.net/result/c/5a651f88-61ce-4846-86a6-c4da5a28ac4e
2026-07-17 13:44:34 EDT,2026-07-17T17:44:57Z,OK,208.8,95.3,9.3,1.3,0,32.7,494.7,en0,30411,https://www.speedtest.net/result/c/2da54eda-9fc7-4b9d-b13d-c8c102e282a6
2026-07-17 14:14:59 EDT,2026-07-17T18:15:25Z,OK,187.3,106.1,9.3,1.0,0,25.1,425.7,en0,30411,https://www.speedtest.net/result/c/d731b7c2-9043-4ac0-9dec-cd59be7ab6de
2026-07-17 14:45:27 EDT,2026-07-17T18:45:50Z,OK,203.8,103.4,10.0,1.1,0,34.3,193.9,en0,30411,https://www.speedtest.net/result/c/0099826c-ebb9-4e0f-9aca-3d006e95dc07
2026-07-17 15:15:52 EDT,2026-07-17T19:16:14Z,OK,215.7,103.6,9.3,1.0,0,34.8,222.9,en0,30411,https://www.speedtest.net/result/c/a3dd4664-f9ff-4202-81b2-59704000f66f
2026-07-17 15:46:16 EDT,2026-07-17T19:46:34Z,OK,216.0,120.0,10.0,1.5,0,21.0,444.0,en0,30411,https://www.speedtest.net/result/c/3ce090a6-a295-4a38-b55e-9eeff6b5363a
2026-07-17 16:21:42 EDT,2026-07-17T20:22:05Z,OK,210.9,67.7,17.0,0.0,0,42.8,533.7,en0,30411,https://www.speedtest.net/result/c/7df66ee1-2307-4400-a7d8-2e06416fac5c
2026-07-17 16:52:07 EDT,2026-07-17T20:52:21Z,OK,205.9,78.4,19.7,2.6,0,42.0,832.7,en0,30411,https://www.speedtest.net/result/c/ea8c13e8-786f-4cdf-a0dc-0b30a46813a4
2026-07-17 19:53:01 EDT,,FAILED,,,,,,,,,30411,
2026-07-17 21:08:16 EDT,2026-07-18T01:08:33Z,OK,278.4,233.2,9.9,1.3,0,25.9,37.7,en0,30411,https://www.speedtest.net/result/c/9aee4367-6b15-4062-8d28-8da4f9bd4c15
2026-07-17 21:38:35 EDT,2026-07-18T01:38:53Z,OK,263.5,250.2,10.7,3.9,0,32.1,397.7,en0,30411,https://www.speedtest.net/result/c/d9c43f3c-f95b-4856-bfa8-54a29215dd56
2026-07-17 22:08:55 EDT,2026-07-18T02:09:17Z,OK,302.4,248.2,9.4,1.3,0,70.2,367.6,en0,30411,https://www.speedtest.net/result/c/af7ddbb2-9469-4311-bfde-ab73f5d4c3e3
2026-07-17 23:04:42 EDT,2026-07-18T03:05:23Z,OK,254.7,31.9,19.7,0.8,0,27.8,792.0,en0,30411,https://www.speedtest.net/result/c/923cae9e-668d-4b09-8f6c-d77bd39912d8
2026-07-18 06:19:52 EDT,2026-07-18T10:20:46Z,OK,193.0,101.0,109.6,127.2,0,799.9,752.6,en0,30411,https://www.speedtest.net/result/c/612a1537-308c-45d3-8705-dd42ab27db4c
2026-07-18 07:16:59 EDT,2026-07-18T11:17:19Z,OK,256.8,156.6,15.9,3.0,0,49.5,431.5,en0,30411,https://www.speedtest.net/result/c/79cd18cb-a5d0-44c2-b5ff-5862b23f8043
2026-07-18 07:47:21 EDT,2026-07-18T11:47:40Z,OK,271.2,199.3,19.6,1.6,0,31.8,434.7,en0,30411,https://www.speedtest.net/result/c/41bf4cda-d3c2-4a3c-9cad-249edc884ec1
2026-07-18 08:17:42 EDT,2026-07-18T12:18:06Z,OK,261.5,185.4,19.6,0.9,0,27.3,186.2,en0,30411,https://www.speedtest.net/result/c/c296bf2b-76aa-435f-b7b2-5f58aba8bf30
2026-07-18 09:30:33 EDT,2026-07-18T13:30:48Z,OK,193.1,140.5,9.4,2.3,0,22.8,153.3,en0,30411,https://www.speedtest.net/result/c/7c559508-e1ec-4e26-943f-ee23d083a04f
2026-07-18 12:45:01 EDT,2026-07-18T16:45:41Z,OK,211.8,106.4,10.7,4.6,0,700.5,792.5,en0,30411,https://www.speedtest.net/result/c/3f89ac54-8089-4bec-ab2a-ce00db946e34
2026-07-18 13:28:27 EDT,2026-07-18T17:28:53Z,OK,186.7,90.4,19.8,1.4,0,62.1,583.7,en0,30411,https://www.speedtest.net/result/c/1d696e36-0fec-403d-918e-1d7f4e1e49ac
2026-07-18 13:58:55 EDT,2026-07-18T17:59:08Z,OK,249.8,104.6,9.3,1.1,0,28.5,773.3,en0,30411,https://www.speedtest.net/result/c/c0419efb-ac31-42fd-9bf3-9b41cb4945a8
2026-07-18 14:29:10 EDT,2026-07-18T18:29:34Z,OK,212.0,110.3,9.9,0.8,0,46.8,410.8,en0,30411,https://www.speedtest.net/result/c/a8867bc0-784d-4814-800e-ad30efe0638b
2026-07-18 14:59:35 EDT,2026-07-18T18:59:56Z,OK,144.8,29.7,20.1,41.3,0,123.6,714.0,en0,30411,https://www.speedtest.net/result/c/735820b4-76b4-4509-b03c-5e501be26cb6
2026-07-18 15:29:58 EDT,2026-07-18T19:30:19Z,OK,205.6,130.9,19.1,10.7,0,50.4,48.1,en0,30411,https://www.speedtest.net/result/c/04b64bc8-44f6-4beb-b41c-51de16cc5126
2026-07-18 16:00:20 EDT,2026-07-18T20:00:38Z,OK,259.6,124.3,19.4,0.7,0,32.3,409.6,en0,30411,https://www.speedtest.net/result/c/945032c8-3a2a-43ac-918b-1190796d13a2
2026-07-18 16:45:54 EDT,2026-07-18T20:49:27Z,OK,169.8,91.5,19.4,0.5,0,47.9,458.6,en0,30411,https://www.speedtest.net/result/c/d4103717-cf4a-4d9a-a91a-c6e6a6eb28de
2026-07-18 19:51:10 EDT,2026-07-18T23:51:24Z,OK,275.0,227.0,16.9,3.7,0,30.1,45.2,en0,30411,https://www.speedtest.net/result/c/291dd385-acda-458b-86ba-c8c5f3bea048
2026-07-18 20:21:26 EDT,2026-07-19T00:21:54Z,OK,268.5,220.7,19.8,0.8,0,59.2,46.0,en0,30411,https://www.speedtest.net/result/c/b5ee65cf-c7c7-4531-a05f-c5c81806664b
2026-07-18 20:51:56 EDT,2026-07-19T00:52:14Z,OK,303.2,219.1,19.7,0.8,0,239.9,403.0,en0,30411,https://www.speedtest.net/result/c/7ec62b7b-ba07-4b6f-b223-4621edbddf5c
2026-07-18 21:22:16 EDT,2026-07-19T01:22:35Z,OK,289.1,232.4,19.7,0.8,0,258.2,394.1,en0,30411,https://www.speedtest.net/result/c/ac7a1ecf-e09c-4e0c-9192-a4c2ce544a34
2026-07-18 21:52:37 EDT,2026-07-19T01:53:08Z,OK,276.3,217.9,18.1,2.8,0,28.9,38.1,en0,30411,https://www.speedtest.net/result/c/d313a88d-b577-405f-a427-bcbf0966813d
2026-07-18 22:23:10 EDT,2026-07-19T02:23:33Z,OK,254.7,237.9,19.3,1.4,0,43.4,420.4,en0,30411,https://www.speedtest.net/result/c/2104dc6d-dab0-4640-8c9f-ce3416e4e4bd
2026-07-18 22:53:35 EDT,2026-07-19T02:53:53Z,OK,201.4,88.1,18.8,2.1,0,38.1,642.4,en0,30411,https://www.speedtest.net/result/c/29302eed-58e9-4356-9cf9-e2782e0e43e3
2026-07-18 23:23:55 EDT,2026-07-19T03:24:23Z,OK,215.2,123.8,9.3,1.8,0.9090909090909091,64.3,431.6,en0,30411,https://www.speedtest.net/result/c/ee2decf5-4346-4e13-b7ed-838a9b658367
2026-07-18 23:54:25 EDT,2026-07-19T03:54:45Z,OK,232.6,132.8,10.0,1.0,0,33.7,455.6,en0,30411,https://www.speedtest.net/result/c/70062c25-9a54-4e2e-a35b-4b9163305ec1
2026-07-19 00:24:47 EDT,2026-07-19T04:25:07Z,OK,227.2,132.9,10.1,0.6,0,75.5,191.5,en0,30411,https://www.speedtest.net/result/c/2e7eaa28-7727-421b-aed4-49f1020f8e39
2026-07-19 01:07:09 EDT,2026-07-19T05:07:33Z,OK,211.8,103.7,10.0,2.1,0,33.2,192.3,en0,30411,https://www.speedtest.net/result/c/1a69387b-a327-49be-9cca-0e636e87d914
2026-07-19 01:54:27 EDT,2026-07-19T05:54:46Z,OK,246.2,130.8,19.8,1.3,0,30.6,159.1,en0,30411,https://www.speedtest.net/result/c/d16b0440-dd66-468e-88d1-295164a6e7fd
2026-07-19 02:24:48 EDT,2026-07-19T06:25:10Z,OK,220.5,134.3,10.6,5.6,0,92.1,172.4,en0,30411,https://www.speedtest.net/result/c/4178ac8b-84ad-408e-bd45-5e6fa3853f25
2026-07-19 03:12:52 EDT,2026-07-19T07:13:13Z,OK,263.4,132.3,10.0,1.5,0,36.0,188.6,en0,30411,https://www.speedtest.net/result/c/d89d0a22-b694-444c-9b3b-4a20ccf85b81
2026-07-19 03:43:15 EDT,2026-07-19T07:43:36Z,OK,256.2,139.5,9.7,1.3,0,28.3,141.8,en0,30411,https://www.speedtest.net/result/c/844a5c43-8f65-4286-b3f3-fbc4a9ce1674
2026-07-19 04:13:38 EDT,2026-07-19T08:13:55Z,OK,278.6,133.6,19.6,0.8,0,31.3,414.7,en0,30411,https://www.speedtest.net/result/c/109d52f4-34fd-42f5-ae88-fe0e61c4b200
2026-07-19 04:43:57 EDT,2026-07-19T08:44:19Z,OK,257.3,141.4,19.6,5.3,0,159.4,192.9,en0,30411,https://www.speedtest.net/result/c/6a82e60e-8d2e-48d2-8967-6417ad0edc61
2026-07-19 05:14:20 EDT,2026-07-19T09:14:39Z,OK,226.8,131.7,10.0,1.5,0,34.7,452.7,en0,30411,https://www.speedtest.net/result/c/e9f3d00e-b4fb-4918-9357-8cfd22323ab4
2026-07-19 05:44:41 EDT,2026-07-19T09:44:57Z,OK,211.3,130.0,17.0,5.4,0,27.8,186.3,en0,30411,https://www.speedtest.net/result/c/144344c7-9b5d-4f31-8804-5c77537b395d
2026-07-19 06:14:59 EDT,2026-07-19T10:15:18Z,OK,254.3,132.3,10.9,3.7,0,33.4,46.9,en0,30411,https://www.speedtest.net/result/c/8c697d93-31d5-4d64-90be-d7d3090e0f31
2026-07-19 06:45:20 EDT,2026-07-19T10:45:43Z,OK,245.3,136.6,9.6,1.5,0,37.2,425.5,en0,30411,https://www.speedtest.net/result/c/f33a2fff-08b3-4368-8d50-afb7e381f9d4
2026-07-19 07:15:45 EDT,2026-07-19T11:16:00Z,OK,236.0,138.6,10.0,2.9,0,37.0,169.7,en0,30411,https://www.speedtest.net/result/c/c8485136-879d-4c67-be97-c5d146c26b9b
2026-07-19 07:46:02 EDT,2026-07-19T11:46:19Z,OK,218.8,145.0,10.4,5.4,0,30.1,164.2,en0,30411,https://www.speedtest.net/result/c/89b59ec7-9a82-4ff4-845e-24416f3d1bd8
2026-07-19 08:16:21 EDT,2026-07-19T12:16:42Z,OK,223.1,121.5,10.0,0.6,0,56.8,650.9,en0,30411,https://www.speedtest.net/result/c/66c20fee-a792-4f37-af80-1a807a39fd11
2026-07-19 08:46:44 EDT,2026-07-19T12:47:08Z,OK,244.6,130.7,10.4,5.2,0,35.0,426.3,en0,30411,https://www.speedtest.net/result/c/d39438c4-e0e8-41a9-8b7a-590b6daffddf
2026-07-19 09:17:10 EDT,2026-07-19T13:17:33Z,OK,222.8,146.9,11.9,5.0,0,30.8,168.9,en0,30411,https://www.speedtest.net/result/c/79d97e1e-3238-4e3f-98f6-377f595f6156
2026-07-19 09:47:35 EDT,2026-07-19T13:47:58Z,OK,228.8,159.6,9.8,1.2,0,259.0,161.5,en0,30411,https://www.speedtest.net/result/c/56cbbf65-a560-46ed-abcf-12abbd630673
2026-07-19 10:17:59 EDT,2026-07-19T14:18:16Z,OK,209.8,144.6,14.8,3.4,0,27.7,171.6,en0,30411,https://www.speedtest.net/result/c/ef063961-8608-4b31-8d94-2aaad5a5ad0b
2026-07-19 10:48:17 EDT,2026-07-19T14:48:38Z,OK,245.2,140.6,10.5,6.0,0,27.1,178.2,en0,30411,https://www.speedtest.net/result/c/6f14b0f3-ef0c-4a55-8012-ba6b35c39567
2026-07-19 12:47:55 EDT,2026-07-19T16:48:26Z,OK,222.5,102.9,10.0,1.4,0,241.2,894.1,en0,30411,https://www.speedtest.net/result/c/7ca638a9-87cc-41db-b124-c1df84f3256b
2026-07-19 13:18:28 EDT,2026-07-19T17:18:46Z,OK,299.4,255.9,19.7,1.4,0,39.7,170.7,en0,30411,https://www.speedtest.net/result/c/4de7074d-03ae-430b-a2d5-444ca976be28
2026-07-19 13:48:47 EDT,2026-07-19T17:49:06Z,OK,266.9,257.9,9.4,1.0,0,31.0,145.2,en0,30411,https://www.speedtest.net/result/c/37d83f07-7920-44e5-83e7-1743a25762b3
2026-07-19 14:19:08 EDT,2026-07-19T18:19:36Z,OK,244.3,198.1,10.2,1.2,0,31.1,381.1,en0,30411,https://www.speedtest.net/result/c/32f07461-ae89-456b-abf2-d296db94ec0b
2026-07-19 14:49:38 EDT,2026-07-19T18:50:01Z,OK,241.2,228.8,9.9,5.4,0,29.3,379.8,en0,30411,https://www.speedtest.net/result/c/245ab168-57a7-401b-8f9b-33dda95b6692
2026-07-19 15:20:02 EDT,2026-07-19T19:20:22Z,OK,228.9,242.5,9.9,0.6,0,29.6,139.0,en0,30411,https://www.speedtest.net/result/c/10808d2f-bff7-44a8-a571-3916fc53e263
2026-07-19 15:50:23 EDT,2026-07-19T19:50:53Z,OK,228.2,137.6,10.0,1.1,0,35.5,430.2,en0,30411,https://www.speedtest.net/result/c/db9adfa1-2eb4-4d2a-996b-669fe6e60267
2026-07-19 16:20:54 EDT,2026-07-19T20:21:14Z,OK,261.0,223.1,10.3,5.6,0,19.3,147.6,en0,30411,https://www.speedtest.net/result/c/d9cb7bd0-4116-40f1-8c96-a3c590a49b13
2026-07-19 16:51:16 EDT,2026-07-19T20:51:37Z,OK,220.7,84.5,9.5,1.7,0,32.1,174.2,en0,30411,https://www.speedtest.net/result/c/411e3e45-2d8d-4f86-b6ce-ae9f29e73c30
2026-07-19 17:21:38 EDT,2026-07-19T21:22:05Z,OK,212.3,80.1,10.8,3.6,0,33.6,207.5,en0,30411,https://www.speedtest.net/result/c/cbb8e6ff-636a-499a-86ab-d8cb00ed7ada
2026-07-19 17:52:06 EDT,2026-07-19T21:52:22Z,OK,192.5,77.9,18.9,4.6,0,30.9,204.7,en0,30411,https://www.speedtest.net/result/c/e6d0be2d-d219-489c-8145-a6e828168395
2026-07-19 18:22:23 EDT,2026-07-19T22:22:43Z,OK,203.4,130.0,17.2,2.9,0,36.3,419.5,en0,30411,https://www.speedtest.net/result/c/0d5b12b7-d2ad-4f4f-8b91-8789a5de7092
2026-07-19 20:56:45 EDT,2026-07-20T00:57:04Z,OK,250.6,230.4,9.9,1.3,0,36.5,398.4,en0,30411,https://www.speedtest.net/result/c/318d93f9-5763-4c98-9779-c9ca52ae561f
2026-07-19 21:27:06 EDT,2026-07-20T01:27:29Z,OK,257.6,237.1,9.4,1.0,0,234.8,414.1,en0,30411,https://www.speedtest.net/result/c/95ce19e0-f272-44bc-8c22-321e8ba64597
2026-07-20 05:41:27 EDT,2026-07-20T09:41:46Z,OK,197.6,105.7,18.9,3.1,0,267.4,471.1,en0,30411,https://www.speedtest.net/result/c/443f2087-e6c5-4c96-8dd3-d33f10c55d7b
2026-07-20 06:11:47 EDT,2026-07-20T10:12:04Z,OK,216.8,99.5,19.5,0.9,0,247.4,503.6,en0,30411,https://www.speedtest.net/result/c/30db0b78-4c1b-44b4-9c7a-2f313227b8d7
2026-07-20 06:42:06 EDT,2026-07-20T10:42:28Z,OK,203.2,109.1,19.7,0.9,0,57.5,434.9,en0,30411,https://www.speedtest.net/result/c/158ff08e-cea4-4e5d-b8d8-79cf5457ad66
2026-07-20 10:48:40 EDT,,FAILED,,,,,,,,,30411,
2026-07-20 12:30:43 EDT,,FAILED,,,,,,,,,30411,
2026-07-20 13:00:43 EDT,,FAILED,,,,,,,,,30411,
2026-07-20 13:36:35 EDT,,FAILED,,,,,,,,,30411,
2026-07-20 14:06:36 EDT,,FAILED,,,,,,,,,30411,
2026-07-20 14:36:36 EDT,,FAILED,,,,,,,,,30411,
2026-07-20 15:06:36 EDT,,FAILED,,,,,,,,,30411,
2026-07-20 15:36:37 EDT,,FAILED,,,,,,,,,30411,
2026-07-20 21:01:26 EDT,2026-07-21T01:01:48Z,OK,299.1,81.9,19.3,5.7,0,34.3,721.6,en0,30411,https://www.speedtest.net/result/c/d816ec98-5f4e-45bd-a1a1-962533b93525
2026-07-20 21:31:50 EDT,2026-07-21T01:32:06Z,OK,258.5,230.4,20.2,1.6,0,33.2,432.9,en0,30411,https://www.speedtest.net/result/c/b3df1aac-18e1-46f2-9f2d-0234e3c4c3c8
2026-07-20 22:02:08 EDT,2026-07-21T02:02:28Z,OK,190.5,188.1,19.7,1.5,0,24.7,461.0,en0,30411,https://www.speedtest.net/result/c/62ec0390-5adc-4f40-974d-398b2b2e35e5
2026-07-20 22:32:30 EDT,2026-07-21T02:32:46Z,OK,240.2,201.9,19.2,3.1,0,25.6,385.9,en0,30411,https://www.speedtest.net/result/c/b053b463-31bc-48b3-9de7-c67fbf098eaa
2026-07-21 04:53:00 EDT,2026-07-21T08:53:25Z,OK,203.6,168.2,10.0,6.0,0,31.9,588.9,en0,30411,https://www.speedtest.net/result/c/9dfa0323-a800-4df8-a68b-960772165642
2026-07-21 05:23:26 EDT,2026-07-21T09:23:45Z,OK,224.9,187.4,19.0,4.6,0,22.3,394.5,en0,30411,https://www.speedtest.net/result/c/73924d6f-c733-4032-9453-93bdf0d52bc1
2026-07-21 05:53:47 EDT,2026-07-21T09:54:11Z,OK,225.0,172.5,9.7,0.9,0,143.5,410.3,en0,30411,https://www.speedtest.net/result/c/0c07eca8-f516-4656-ba23-60134a554ed5
2026-07-21 06:24:13 EDT,2026-07-21T10:24:31Z,OK,275.5,175.0,20.0,2.0,0,31.5,162.0,en0,30411,https://www.speedtest.net/result/c/ca13b1e9-bb7c-4c18-8e1f-6731582cac3b
2026-07-21 06:54:33 EDT,2026-07-21T10:54:50Z,OK,305.9,191.3,20.1,3.2,0,197.8,861.9,en0,30411,https://www.speedtest.net/result/c/a58edf0c-a850-4f3c-8fa7-5f7e7d6bb4ab
2026-07-21 07:33:31 EDT,,FAILED,,,,,,,,,30411,
2026-07-21 08:03:32 EDT,,FAILED,,,,,,,,,30411,
2026-07-21 13:05:36 EDT,,FAILED,,,,,,,,,30411,
2026-07-21 14:40:33 EDT,,FAILED,,,,,,,,,30411,
2026-07-21 18:04:22 EDT,,FAILED,,,,,,,,,30411,
2026-07-21 19:18:48 EDT,2026-07-21T23:19:03Z,OK,255.2,144.9,10.0,0.8,0,27.1,173.9,en0,30411,https://www.speedtest.net/result/c/7f72244f-93a5-409c-aaea-26007e0abaf2
2026-07-21 19:49:04 EDT,2026-07-21T23:49:21Z,OK,216.0,146.5,19.7,1.6,0,24.9,182.8,en0,30411,https://www.speedtest.net/result/c/4e2953bf-4ccb-45e8-9fcd-d61ba6ca7a02
2026-07-21 20:19:23 EDT,2026-07-22T00:19:42Z,OK,246.7,156.6,19.2,4.7,0,28.1,449.2,en0,30411,https://www.speedtest.net/result/c/5ab6f4d9-c21d-4782-861b-8cb7c9e5af9a
2026-07-21 20:49:45 EDT,2026-07-22T00:50:06Z,OK,243.8,174.7,10.0,1.0,0,53.1,422.1,en0,30411,https://www.speedtest.net/result/c/1dfba3af-d49d-439c-af69-ccfe9f69324d
2026-07-21 21:20:08 EDT,2026-07-22T01:20:27Z,OK,260.1,184.8,16.9,3.2,0,27.4,51.1,en0,30411,https://www.speedtest.net/result/c/4e62c976-2e52-410a-a27d-a959a4625da3
2026-07-21 21:50:29 EDT,2026-07-22T01:50:47Z,OK,241.0,168.5,11.0,3.2,0,86.8,138.0,en0,30411,https://www.speedtest.net/result/c/59d1c082-5bcc-41ff-bd08-8678142abdc0
2026-07-21 22:20:49 EDT,2026-07-22T02:21:07Z,OK,290.6,186.0,19.7,1.1,0,46.0,414.6,en0,30411,https://www.speedtest.net/result/c/7792bca9-a38d-44e6-bdc5-41dd109ba29f
2026-07-21 22:51:09 EDT,2026-07-22T02:51:28Z,OK,289.0,185.3,19.5,1.3,0,26.1,164.1,en0,30411,https://www.speedtest.net/result/c/3d97e953-4330-453b-906a-e73781c219bf
2026-07-22 00:39:05 EDT,2026-07-22T04:58:29Z,OK,269.9,196.6,20.1,3.0,0,22.7,39.8,en0,30411,
2026-07-22 05:14:51 EDT,2026-07-22T09:15:10Z,OK,301.8,215.8,19.6,1.4,0,258.3,40.8,en0,30411,https://www.speedtest.net/result/c/010e0e7c-08f7-4331-9209-a39df8bd8e0d
2026-07-22 05:45:11 EDT,2026-07-22T09:45:36Z,OK,244.2,205.9,19.7,2.5,0,27.6,167.5,en0,30411,https://www.speedtest.net/result/c/3442a1de-f62e-4e14-a21c-000c5e2de417
2026-07-22 06:15:38 EDT,2026-07-22T10:16:04Z,OK,287.7,204.4,19.7,0.7,0,239.0,167.5,en0,30411,https://www.speedtest.net/result/c/d642d269-5548-46e4-aae6-e1ef45a01c00
2026-07-22 06:46:06 EDT,2026-07-22T10:46:31Z,OK,262.0,233.9,14.3,1.5,0,29.3,398.9,en0,30411,https://www.speedtest.net/result/c/6de0092a-ffa3-4c3d-8394-3dde8b4fbacb
2026-07-22 07:25:54 EDT,,FAILED,,,,,,,,,30411,
2026-07-22 07:55:55 EDT,,FAILED,,,,,,,,,30411,
2026-07-22 10:09:24 EDT,,FAILED,,,,,,,,,30411,
2026-07-22 13:08:20 EDT,,FAILED,,,,,,,,,30411,
2026-07-22 14:26:30 EDT,,FAILED,,,,,,,,,30411,
2026-07-22 17:17:14 EDT,,FAILED,,,,,,,,,30411,
2026-07-22 21:00:46 EDT,2026-07-23T01:01:02Z,OK,209.7,196.8,16.0,7.4,0,32.8,44.3,en0,30411,https://www.speedtest.net/result/c/ba9d4c64-0444-4e19-b878-577fa5aaa806
2026-07-22 21:31:04 EDT,2026-07-23T01:31:23Z,OK,304.5,286.7,9.5,0.5,0,36.6,255.0,en0,30411,https://www.speedtest.net/result/c/d6a7d2d2-dfac-454f-af16-67394fc62956
2026-07-22 22:01:24 EDT,2026-07-23T02:01:48Z,OK,271.5,283.1,9.3,1.2,0,139.4,374.0,en0,30411,https://www.speedtest.net/result/c/03c77b2d-6cdc-48dd-9d5b-68a5ec5aea46
2026-07-23 04:59:23 EDT,2026-07-23T08:59:44Z,OK,300.8,258.7,19.6,0.4,0,49.4,37.2,en0,30411,https://www.speedtest.net/result/c/7d59d156-0073-4bb5-bd6c-95bba9ad0458
2026-07-23 05:29:47 EDT,2026-07-23T09:30:14Z,OK,228.7,236.7,9.9,0.4,0,39.2,427.8,en0,30411,https://www.speedtest.net/result/c/3add2009-9845-4d69-a993-5024b228da39
2026-07-23 06:00:16 EDT,2026-07-23T10:00:38Z,OK,305.3,274.8,9.3,1.8,0,39.6,481.7,en0,30411,https://www.speedtest.net/result/c/de1f36da-ad91-462c-9ede-f7b47f34ec81
2026-07-23 06:30:40 EDT,2026-07-23T10:30:54Z,OK,276.3,133.7,13.5,6.9,0,25.8,179.4,en0,30411,https://www.speedtest.net/result/c/f020bd3e-03c0-411e-bf28-2c0c151382b4
2026-07-23 07:00:56 EDT,2026-07-23T11:01:11Z,OK,276.0,121.9,9.9,1.3,0,37.3,48.5,en0,30411,https://www.speedtest.net/result/c/a0c1dd03-9e24-4100-8841-ea7bb71c9257
2026-07-23 11:00:46 EDT,,FAILED,,,,,,,,,30411,
2026-07-23 13:01:35 EDT,,FAILED,,,,,,,,,30411,
2026-07-23 14:10:17 EDT,,FAILED,,,,,,,,,30411,
2026-07-23 14:43:37 EDT,,FAILED,,,,,,,,,30411,
2026-07-23 15:13:37 EDT,,FAILED,,,,,,,,,30411,
2026-07-23 15:43:38 EDT,,FAILED,,,,,,,,,30411,
2026-07-23 16:29:17 EDT,,FAILED,,,,,,,,,30411,
2026-07-23 19:48:59 EDT,2026-07-23T23:49:33Z,OK,152.0,39.7,15.7,2.9,0,144.5,220.3,en0,30411,https://www.speedtest.net/result/c/b926fb31-4278-4481-9cfe-527f910a21ad
2026-07-23 22:19:14 EDT,2026-07-24T02:19:36Z,OK,291.5,264.0,18.0,1.8,0,171.6,1456.3,en0,30411,https://www.speedtest.net/result/c/2690425d-0465-43ec-b001-6af5cd15c1c9
2026-07-23 23:02:44 EDT,2026-07-24T03:03:10Z,OK,274.7,160.4,19.4,2.4,0,23.5,164.5,en0,30411,https://www.speedtest.net/result/c/c22d5201-b2bb-4faa-84cd-6653a6f3ff3b
2026-07-23 23:33:12 EDT,2026-07-24T03:33:29Z,OK,199.7,164.4,13.3,7.3,0,29.7,30.2,en0,30411,https://www.speedtest.net/result/c/66e0742e-9fd4-4def-a9ae-47cdfcb99a3f
2026-07-24 00:03:30 EDT,2026-07-24T04:03:47Z,OK,257.3,154.2,10.0,1.4,0,24.0,42.2,en0,30411,https://www.speedtest.net/result/c/133efe17-a7f7-4db1-8af4-27f97962e62b
2026-07-24 00:33:49 EDT,2026-07-24T04:34:11Z,OK,237.9,158.6,9.8,1.3,0,32.2,157.6,en0,30411,https://www.speedtest.net/result/c/8c6b2fbc-ca6d-46e1-b581-5a9f6bda62ee
2026-07-24 01:04:13 EDT,2026-07-24T05:04:28Z,OK,287.9,164.9,9.7,0.9,0,230.3,36.1,en0,30411,https://www.speedtest.net/result/c/bea86228-66be-4763-8561-89c71fa5d982
2026-07-24 01:34:30 EDT,2026-07-24T05:34:45Z,OK,210.1,161.7,9.9,2.2,0,24.6,158.9,en0,30411,https://www.speedtest.net/result/c/395a7328-7bfa-4de9-8cca-e92e46f4a4ca
2026-07-24 02:04:47 EDT,2026-07-24T06:05:06Z,OK,227.8,151.2,10.1,5.0,0,24.3,155.0,en0,30411,https://www.speedtest.net/result/c/8ebbcf91-52a7-457f-b78f-e533a665e106
2026-07-24 02:52:48 EDT,2026-07-24T06:53:05Z,OK,261.1,156.9,10.0,0.9,0,28.4,168.4,en0,30411,https://www.speedtest.net/result/c/c54ce55e-3841-406c-82da-30f4466d2305
2026-07-24 03:23:07 EDT,2026-07-24T07:23:26Z,OK,241.3,160.5,9.9,1.3,0,30.1,160.1,en0,30411,https://www.speedtest.net/result/c/e76078a5-6d1e-421e-ba2b-86c6bdefdd9e
2026-07-24 03:54:19 EDT,2026-07-24T07:54:35Z,OK,268.5,164.5,10.0,1.1,0,24.0,167.3,en0,30411,https://www.speedtest.net/result/c/2903ea0a-4817-4197-af00-8cc247b35170
2026-07-24 04:24:37 EDT,2026-07-24T08:24:54Z,OK,281.7,155.5,10.0,0.8,0,25.3,159.0,en0,30411,https://www.speedtest.net/result/c/99552496-d3cf-41f0-8f75-5284b3ebac02
2026-07-24 04:54:56 EDT,2026-07-24T08:55:11Z,OK,274.0,159.0,9.7,0.9,0,35.6,36.6,en0,30411,https://www.speedtest.net/result/c/545860f0-8548-4429-be8c-a393a0b82315
2026-07-24 12:43:35 EDT,,FAILED,,,,,,,,,30411,
2026-07-24 21:23:10 EDT,,FAILED,,,,,,,,,30411,
2026-07-25 05:56:15 EDT,,FAILED,,,,,,,,,30411,
2026-07-25 06:59:40 EDT,,FAILED,,,,,,,,,30411,
2026-07-25 07:33:42 EDT,,FAILED,,,,,,,,,30411,
2026-07-25 08:03:43 EDT,,FAILED,,,,,,,,,30411,
2026-07-25 08:33:43 EDT,,FAILED,,,,,,,,,30411,
2026-07-25 09:03:43 EDT,,FAILED,,,,,,,,,30411,
2026-07-25 13:12:02 EDT,,FAILED,,,,,,,,,30411,
2026-07-25 14:08:37 EDT,,FAILED,,,,,,,,,30411,
2026-07-25 21:22:15 EDT,,FAILED,,,,,,,,,30411,
2026-07-26 06:37:21 EDT,,FAILED,,,,,,,,,30411,
2026-07-26 09:41:00 EDT,,FAILED,,,,,,,,,30411,
2026-07-26 15:01:45 EDT,,FAILED,,,,,,,,,30411,
2026-07-26 15:31:45 EDT,,FAILED,,,,,,,,,30411,
2026-07-26 21:18:00 EDT,,FAILED,,,,,,,,,30411,
2026-07-27 05:37:02 EDT,,FAILED,,,,,,,,,30411,
2026-07-27 10:13:22 EDT,,FAILED,,,,,,,,,30411,
2026-07-27 11:48:51 EDT,,FAILED,,,,,,,,,30411,
2026-07-27 20:34:27 EDT,2026-07-28T00:34:47Z,OK,184.7,32.7,10.0,1.3,0,106.4,521.3,en0,30411,https://www.speedtest.net/result/c/eb60fced-a6d8-4cf4-ba32-6cc697efb801
2026-07-27 21:59:34 EDT,2026-07-28T02:00:03Z,OK,250.4,193.3,20.0,10.3,0,101.7,388.6,en0,30411,https://www.speedtest.net/result/c/e132a30a-fbbd-4211-aa09-907f97f23ac9
2026-07-27 22:30:04 EDT,2026-07-28T02:30:21Z,OK,232.1,227.5,19.7,2.7,0,33.0,154.7,en0,30411,https://www.speedtest.net/result/c/ab74df9e-7f4e-40da-8e98-36f852705478
2026-07-28 07:19:41 EDT,,FAILED,,,,,,,,,30411,
2026-07-28 07:49:44 EDT,,FAILED,,,,,,,,,30411,
2026-07-28 08:19:45 EDT,,FAILED,,,,,,,,,30411,
2026-07-28 21:24:27 EDT,2026-07-29T01:24:42Z,OK,222.3,140.4,9.4,0.9,0,30.1,437.2,en0,30411,https://www.speedtest.net/result/c/6127c51c-4f1b-4303-beb3-d66d2b4867fa
2026-07-28 21:54:44 EDT,2026-07-29T01:55:11Z,OK,231.7,115.0,25.1,3.9,0.9803921568627451,57.6,446.9,en0,30411,https://www.speedtest.net/result/c/5e4ceb1b-f2a7-4ebb-8a00-601b26971f74
2026-07-28 22:25:13 EDT,2026-07-29T02:25:31Z,OK,215.4,128.2,12.9,5.5,0,237.1,493.9,en0,30411,https://www.speedtest.net/result/c/d8541be8-7819-4a3b-b269-5b98096c583a
2026-07-28 22:55:33 EDT,2026-07-29T02:55:49Z,OK,217.6,112.4,19.0,2.5,0,28.1,63.7,en0,30411,https://www.speedtest.net/result/c/b37b9628-5444-418f-aacc-c0cd682e6472
2026-07-28 23:25:51 EDT,2026-07-29T03:26:07Z,OK,234.8,102.9,16.9,6.6,0,29.4,82.3,en0,30411,https://www.speedtest.net/result/c/a3a6f7bf-4727-4f77-8afd-95548ba0f0aa
2026-07-29 00:09:16 EDT,2026-07-29T04:09:34Z,OK,211.8,145.2,9.8,1.0,0,28.0,54.5,en0,30411,https://www.speedtest.net/result/c/81bfc110-c754-42e2-b134-1a6bc156635b
2026-07-29 00:39:36 EDT,2026-07-29T04:39:51Z,OK,205.3,145.1,9.8,1.8,0,25.7,143.9,en0,30411,https://www.speedtest.net/result/c/cebcafd0-59a8-42d4-bb0e-7b99609f8b96
2026-07-29 01:09:52 EDT,2026-07-29T05:10:15Z,OK,235.2,152.2,13.3,11.5,0,47.8,409.9,en0,30411,https://www.speedtest.net/result/c/ba44b438-371f-41ae-9549-574a110c4641
2026-07-29 01:40:16 EDT,2026-07-29T05:40:36Z,OK,193.2,143.6,9.8,0.5,0,220.2,174.2,en0,30411,https://www.speedtest.net/result/c/75ee591b-bf1b-492d-b474-7430609ac377
2026-07-29 02:10:38 EDT,2026-07-29T06:11:04Z,OK,267.5,141.1,20.0,1.8,0,28.9,64.0,en0,30411,https://www.speedtest.net/result/c/40d0c924-30ee-4c1a-888d-fe14a4a0598d
2026-07-29 03:12:32 EDT,2026-07-29T07:12:51Z,OK,240.2,140.0,19.4,1.4,0,30.4,171.3,en0,30411,https://www.speedtest.net/result/c/570bb446-6cce-4718-a7f3-b470ceba79c7
2026-07-29 03:42:53 EDT,2026-07-29T07:43:14Z,OK,260.3,124.6,10.0,0.8,0,26.5,467.5,en0,30411,https://www.speedtest.net/result/c/1314ad68-6ca3-40dc-9c71-cff90ec703a8
2026-07-29 04:13:15 EDT,2026-07-29T08:13:34Z,OK,230.8,144.9,20.0,0.8,0,31.6,203.6,en0,30411,https://www.speedtest.net/result/c/e1fe6df1-09e2-41af-b206-91f39fe6d74f
2026-07-29 04:43:36 EDT,2026-07-29T08:43:59Z,OK,249.0,150.2,9.9,0.5,0,31.6,402.6,en0,30411,https://www.speedtest.net/result/c/832b5ac0-2eed-4d55-ae4a-010f1d197eda
2026-07-29 05:14:01 EDT,2026-07-29T09:14:20Z,OK,252.9,140.1,10.0,1.5,0,38.6,184.1,en0,30411,https://www.speedtest.net/result/c/288bcdf4-b92b-4c4f-a226-c8cb1279faf5
2026-07-29 05:44:22 EDT,2026-07-29T09:44:42Z,OK,250.9,150.4,9.8,1.1,0,434.2,176.3,en0,30411,https://www.speedtest.net/result/c/a46ed613-20b7-4d08-ac8e-d8c1e86e19cb
2026-07-29 06:14:44 EDT,2026-07-29T10:15:06Z,OK,227.2,150.8,9.4,1.1,0,41.0,196.8,en0,30411,https://www.speedtest.net/result/c/8cea012c-1660-43a2-82e0-ddf472b86521
2026-07-29 06:45:07 EDT,2026-07-29T10:45:26Z,OK,271.5,145.1,9.4,0.9,0,29.9,499.2,en0,30411,https://www.speedtest.net/result/c/46b5dbe6-e6d4-4cf5-bedd-a5b3db465509
2026-07-29 07:15:28 EDT,2026-07-29T11:15:51Z,OK,196.1,153.2,18.8,4.2,0,31.1,196.9,en0,30411,https://www.speedtest.net/result/c/aa8ee24a-209b-427b-ad46-e4a219b31c98
2026-07-29 07:45:52 EDT,2026-07-29T11:46:17Z,OK,221.8,175.4,10.0,5.5,0,38.1,173.1,en0,30411,https://www.speedtest.net/result/c/fc58ece2-8e35-4a08-9844-72e5df9700e8
2026-07-29 08:16:19 EDT,2026-07-29T12:16:36Z,OK,240.4,177.8,10.0,1.5,0,27.6,181.4,en0,30411,https://www.speedtest.net/result/c/5f247354-b1d4-4942-a4ed-c62f94849249
2026-07-29 09:38:39 EDT,2026-07-29T13:39:00Z,OK,216.6,90.2,19.6,0.3,0,220.8,463.7,en0,30411,https://www.speedtest.net/result/c/454d8835-aef5-4af0-a3cd-3f53d62bb430
2026-07-29 10:09:02 EDT,2026-07-29T14:09:21Z,OK,236.0,168.9,10.1,1.6,0,22.8,461.0,en0,30411,https://www.speedtest.net/result/c/07232217-65be-4606-829b-a6f591e9ef35
2026-07-29 10:39:23 EDT,2026-07-29T14:39:40Z,OK,277.9,176.6,19.8,1.1,0,30.6,32.8,en0,30411,https://www.speedtest.net/result/c/f098de9f-7aeb-4aa7-bd70-1d4849057f2e
2026-07-29 11:39:08 EDT,2026-07-29T15:39:31Z,OK,169.4,139.6,9.2,1.2,0,20.3,1037.2,en0,30411,https://www.speedtest.net/result/c/fdb5ea3f-f342-40a3-a1e6-b0c91006e95e
2026-07-29 13:06:04 EDT,2026-07-29T17:06:27Z,OK,241.7,86.5,12.4,5.8,0,66.0,467.0,en0,30411,https://www.speedtest.net/result/c/ccdaf637-77d1-4e16-bc8b-15f165cdadc6
2026-07-29 13:36:28 EDT,2026-07-29T17:36:53Z,OK,224.0,87.0,10.2,1.9,0,59.9,628.1,en0,30411,https://www.speedtest.net/result/c/cbaa8b1e-de3c-46aa-a7a7-a40dc2e6bee7
2026-07-29 14:06:55 EDT,2026-07-29T18:07:21Z,OK,183.0,41.0,9.2,1.3,0,80.9,870.7,en0,30411,https://www.speedtest.net/result/c/45544791-2c89-4a05-b0f2-7c7237d5146d
2026-07-29 14:40:21 EDT,2026-07-29T18:40:39Z,OK,285.5,146.2,8.3,0.9,0,23.9,188.2,en0,30411,https://www.speedtest.net/result/c/1682ced8-e929-4888-8167-390f868c9baf
2026-07-29 15:10:41 EDT,2026-07-29T19:11:00Z,OK,174.2,106.4,9.7,1.8,0,238.4,445.0,en0,30411,https://www.speedtest.net/result/c/b9e23f44-ec06-4208-a2d0-a7a1aa082d68
2026-07-29 15:41:02 EDT,2026-07-29T19:41:24Z,OK,230.1,149.8,9.4,1.5,0,28.1,194.0,en0,30411,https://www.speedtest.net/result/c/2b5030a4-8a55-464a-be4b-cb3b00c9f9bc
2026-07-29 16:11:26 EDT,2026-07-29T20:11:39Z,OK,217.8,147.6,10.0,1.0,0,37.3,436.5,en0,30411,https://www.speedtest.net/result/c/f9d6f8a4-12d0-4724-b99c-fd6a40926164
2026-07-29 16:41:41 EDT,2026-07-29T20:42:01Z,OK,235.1,149.3,8.8,3.6,0,32.1,179.7,en0,30411,https://www.speedtest.net/result/c/ff8cc2e2-e4bc-4b5b-8cb8-105d288732ff
2026-07-29 17:12:02 EDT,2026-07-29T21:12:26Z,OK,194.0,148.1,9.3,1.0,0,30.4,458.7,en0,30411,https://www.speedtest.net/result/c/894a5b18-b289-4778-8aef-41c2714e5e48
2026-07-29 17:42:28 EDT,2026-07-29T21:42:50Z,OK,109.7,30.2,9.6,1.3,0,121.0,118.3,en0,30411,https://www.speedtest.net/result/c/4e8b0f63-2971-4d8d-8bf4-1d1e6cb8f6d0
2026-07-29 18:12:52 EDT,2026-07-29T22:13:14Z,OK,218.7,145.3,19.7,1.0,0,196.8,60.3,en0,30411,https://www.speedtest.net/result/c/9c927905-7f06-410f-947f-8b25929b22fd
2026-07-29 18:43:15 EDT,2026-07-29T22:43:34Z,OK,241.5,147.1,10.0,1.4,0,33.1,189.7,en0,30411,https://www.speedtest.net/result/c/d3ffaec6-8ea0-4a2e-9348-88fa35d40c4b
2026-07-29 19:13:35 EDT,2026-07-29T23:13:55Z,OK,248.7,147.8,9.8,1.3,0,31.4,201.2,en0,30411,https://www.speedtest.net/result/c/f28ceb0d-da31-4144-8f50-eec52b9534f1
2026-07-29 21:23:41 EDT,2026-07-30T01:24:13Z,OK,244.4,104.6,30.3,38.0,2.380952380952381,328.3,873.1,en0,30411,https://www.speedtest.net/result/c/c204ae98-4a2b-42b2-9857-1de9a221910d
2026-07-29 22:20:22 EDT,2026-07-30T02:20:47Z,OK,245.6,155.1,19.8,1.3,0,30.4,383.5,en0,30411,https://www.speedtest.net/result/c/7e9f6d2f-66f2-488a-a905-8a456054b6ed
2026-07-29 22:50:49 EDT,2026-07-30T02:51:10Z,OK,221.7,152.7,19.7,0.8,0,31.5,157.0,en0,30411,https://www.speedtest.net/result/c/e3cbcb45-58de-4033-8efa-320929e310a3
2026-07-30 05:03:13 EDT,2026-07-30T09:03:40Z,OK,132.5,160.6,10.2,2.1,0,257.4,590.5,en0,30411,https://www.speedtest.net/result/c/171974bc-9a39-43b4-9f19-e632b41b1db8
2026-07-30 08:38:51 EDT,2026-07-30T12:39:07Z,OK,152.7,31.9,19.8,2.6,0,104.4,437.2,en0,30411,https://www.speedtest.net/result/c/f39d10fc-1112-420d-be7f-edb1ec24bdaf
2026-07-30 09:09:09 EDT,2026-07-30T13:09:30Z,OK,254.9,175.1,16.9,6.7,0,32.6,452.2,en0,30411,https://www.speedtest.net/result/c/8c2fe21a-cb3e-45cd-92ec-209bf9e591cc
2026-07-30 09:39:32 EDT,2026-07-30T13:39:54Z,OK,270.8,215.6,20.1,2.4,0,36.3,408.5,en0,30411,https://www.speedtest.net/result/c/0e9bf525-5b2e-4000-bf09-08996ad48ee7
2026-07-30 10:09:56 EDT,2026-07-30T14:10:25Z,OK,233.0,164.7,19.6,0.5,0,71.6,685.2,en0,30411,https://www.speedtest.net/result/c/965895e3-d8fc-4da2-b05f-bd73eb076f93
2026-07-30 10:40:27 EDT,2026-07-30T14:40:50Z,OK,265.5,187.5,20.3,2.7,0,244.0,441.7,en0,30411,https://www.speedtest.net/result/c/13b4cba6-f1bd-46d6-83f4-508d50b1ac20
2026-07-30 11:10:57 EDT,2026-07-30T15:11:17Z,OK,231.1,94.9,20.0,1.7,0,33.9,194.5,en0,30411,https://www.speedtest.net/result/c/202eb1a7-e074-4038-aed0-a0ce327553c7
2026-07-30 11:41:20 EDT,2026-07-30T15:41:41Z,OK,217.5,91.2,9.5,2.0,0,39.8,443.1,en0,30411,https://www.speedtest.net/result/c/4880c380-be59-43ac-aa96-2a9833fcf2da
2026-07-30 12:11:42 EDT,2026-07-30T16:12:10Z,OK,186.5,90.4,19.9,1.6,0,113.3,473.1,en0,30411,https://www.speedtest.net/result/c/7c49384b-6d1a-441c-a41b-6316ccb3cba3
2026-07-30 12:47:01 EDT,2026-07-30T16:47:29Z,OK,195.5,62.0,18.1,5.2,0,21.5,1018.3,en0,30411,https://www.speedtest.net/result/c/c7289d13-c3c7-4be2-9d78-cc0352bcb726
2026-07-30 13:33:35 EDT,2026-07-30T17:33:58Z,OK,256.0,146.4,15.4,3.1,0,28.1,190.7,en0,30411,https://www.speedtest.net/result/c/2ab12d25-7f65-49c6-b533-77a0021e1da8
2026-07-30 14:04:00 EDT,2026-07-30T18:04:19Z,OK,234.7,136.9,19.6,0.5,0,254.4,618.2,en0,30411,https://www.speedtest.net/result/c/dcf9ed11-5a58-4aa9-b47f-ceacdb673797
2026-07-30 14:34:22 EDT,2026-07-30T18:34:46Z,OK,225.4,104.2,19.6,1.6,0,67.1,523.4,en0,30411,https://www.speedtest.net/result/c/5d265be5-06a4-4172-9c7c-54f73b01d008
2026-07-30 15:04:48 EDT,2026-07-30T19:05:15Z,OK,207.3,80.6,9.3,0.9,0,99.5,498.9,en0,30411,https://www.speedtest.net/result/c/dfe838d0-ddeb-471c-8be6-45fd2bea3a4f
2026-07-30 15:35:17 EDT,2026-07-30T19:35:35Z,OK,210.5,107.4,10.1,1.7,0,36.1,417.7,en0,30411,https://www.speedtest.net/result/c/b6540207-bcbe-472b-9a31-1fc58c26d0a6
2026-07-30 16:05:37 EDT,2026-07-30T20:05:56Z,OK,187.3,80.7,17.6,0.3,0,45.7,331.0,en0,30411,https://www.speedtest.net/result/c/af4e616c-7582-4d2a-897f-5e3e7d2bd853
2026-07-30 16:35:58 EDT,2026-07-30T20:36:14Z,OK,239.2,109.2,11.3,2.7,0,31.4,67.2,en0,30411,https://www.speedtest.net/result/c/e45ede25-c245-4aa8-af95-f8bcf17480b7
2026-07-30 17:06:16 EDT,2026-07-30T21:06:34Z,OK,223.4,134.3,13.6,5.7,0,25.4,170.9,en0,30411,https://www.speedtest.net/result/c/06cde649-7d77-4be7-888b-ea0bf32f9333
2026-07-30 17:36:36 EDT,2026-07-30T21:36:54Z,OK,230.6,99.1,9.9,0.9,0,29.6,167.4,en0,30411,https://www.speedtest.net/result/c/ce63bd04-6418-4172-ab6f-5393b517029a
2026-07-30 18:06:55 EDT,2026-07-30T22:07:13Z,OK,259.7,140.7,10.0,3.4,0,249.0,44.0,en0,30411,https://www.speedtest.net/result/c/ef7880bb-3894-4371-9f72-7193aa3bc4d2
2026-07-30 18:37:15 EDT,2026-07-30T22:37:32Z,OK,278.3,120.7,19.7,0.9,0,32.2,164.6,en0,30411,https://www.speedtest.net/result/c/1a92d7db-14b1-4d20-9d5f-d3f98e49e540
2026-07-30 20:13:44 EDT,2026-07-31T00:14:10Z,OK,215.7,126.1,19.1,4.8,0,53.8,411.0,en0,30411,https://www.speedtest.net/result/c/263b7505-cece-4746-a7f4-5803d41a3ebf
2026-07-30 20:44:12 EDT,2026-07-31T00:44:33Z,OK,230.5,113.1,9.9,1.6,0,42.2,410.7,en0,30411,https://www.speedtest.net/result/c/f51eb081-ce91-4135-b37c-3649fe95ddeb
2026-07-30 21:14:35 EDT,2026-07-31T01:14:51Z,OK,238.1,114.5,10.0,1.4,0,28.0,141.5,en0,30411,https://www.speedtest.net/result/c/d4a70592-512a-466c-b1b9-89525998a855
2026-07-30 21:44:52 EDT,2026-07-31T01:45:11Z,OK,221.7,92.8,9.7,1.7,0,45.1,157.1,en0,30411,https://www.speedtest.net/result/c/0d0bd927-4105-4d87-9635-b8a165382337
2026-07-31 03:35:10 EDT,2026-07-31T07:35:40Z,OK,192.3,40.8,16.2,7.8,0,193.5,1109.1,en0,30411,https://www.speedtest.net/result/c/9e3a119e-9eb7-4c75-8e71-ea95471eceaa
2026-07-31 06:25:08 EDT,2026-07-31T10:25:29Z,OK,220.2,127.2,13.1,7.5,0,24.4,451.3,en0,30411,https://www.speedtest.net/result/c/b478aa75-0cbf-435c-a009-077959a319c7
2026-07-31 06:55:31 EDT,2026-07-31T10:55:56Z,OK,195.1,106.1,10.2,5.8,0,42.9,185.2,en0,30411,https://www.speedtest.net/result/c/7a8a33d8-e851-440f-a6fa-c53f4a6eb00e
2026-07-31 07:25:58 EDT,2026-07-31T11:26:14Z,OK,227.2,104.2,16.1,3.3,0,433.1,411.3,en0,30411,https://www.speedtest.net/result/c/c359a608-2f93-45b1-88be-49fb82878e85
2026-07-31 07:56:16 EDT,2026-07-31T11:56:31Z,OK,242.1,122.0,12.8,5.0,0,30.6,191.9,en0,30411,https://www.speedtest.net/result/c/a906e82e-385b-4ef1-b125-715d3ace1b00
2026-07-31 08:26:32 EDT,2026-07-31T12:26:54Z,OK,209.2,118.9,9.4,1.6,0,30.7,64.9,en0,30411,https://www.speedtest.net/result/c/7da94d56-29e4-43c7-bd20-5e34da338812
2026-07-31 08:56:56 EDT,2026-07-31T12:57:13Z,OK,184.7,119.5,9.3,2.1,0,33.9,40.1,en0,30411,https://www.speedtest.net/result/c/81b34f92-332b-4a66-a61d-69b1e5b637bf
2026-07-31 09:27:15 EDT,2026-07-31T13:27:29Z,OK,205.0,126.5,10.0,1.1,0,28.2,163.5,en0,30411,https://www.speedtest.net/result/c/c2af0264-e30d-447b-83df-2b4aba7feee0
2026-07-31 10:14:54 EDT,2026-07-31T14:15:16Z,OK,222.3,116.4,9.8,1.5,0,26.4,192.3,en0,30411,https://www.speedtest.net/result/c/05223ea8-2406-49a4-b853-3fc9bbe456a9
2026-07-31 10:45:19 EDT,2026-07-31T14:45:42Z,OK,227.4,140.0,9.3,2.8,0,21.1,1115.2,en0,30411,https://www.speedtest.net/result/c/9a557dad-0749-42fe-aacd-152afb591c42
2026-07-31 12:36:19 EDT,2026-07-31T16:46:12Z,OK,156.9,106.4,9.4,1.4,0,25.3,429.6,en0,30411,https://www.speedtest.net/result/c/42a946fa-9ed6-457a-9b8c-0b2fff8ad0df
2026-07-31 13:16:16 EDT,2026-07-31T17:16:36Z,OK,174.7,96.2,19.3,7.1,0,41.3,174.6,en0,30411,https://www.speedtest.net/result/c/f708a78a-e6b8-44cf-8304-c05f7b61909d
2026-07-31 13:46:38 EDT,2026-07-31T17:47:03Z,OK,225.3,69.7,10.0,1.5,0,51.5,691.3,en0,30411,https://www.speedtest.net/result/c/9d8459af-cbc5-4138-b8e8-517e3d5e9350
2026-07-31 14:17:05 EDT,2026-07-31T18:17:23Z,OK,207.4,123.8,19.5,0.7,0,30.0,474.6,en0,30411,https://www.speedtest.net/result/c/bdd1ed0f-2390-4407-a7c7-6c71081b48e0
2026-07-31 16:23:45 EDT,2026-07-31T20:24:12Z,OK,204.2,157.9,19.7,1.0,0,177.9,402.7,en0,30411,https://www.speedtest.net/result/c/6f000dfb-a5b5-4387-93ac-2b5e5992bd3a
2026-07-31 20:25:47 EDT,2026-08-01T00:26:10Z,OK,183.4,111.5,9.5,1.1,0,255.5,392.1,en0,30411,https://www.speedtest.net/result/c/40cdc6ee-2091-4d82-9b4c-cd18b91e0774
2026-07-31 20:56:13 EDT,2026-08-01T00:56:41Z,OK,176.3,88.6,9.7,1.2,0,30.4,581.1,en0,30411,https://www.speedtest.net/result/c/f2ca9dfa-67a8-43d2-ac8c-9d8e1deda8cf
2026-07-31 21:26:42 EDT,2026-08-01T01:26:58Z,OK,222.4,79.7,9.6,0.8,0,29.4,207.0,en0,30411,https://www.speedtest.net/result/c/1254595a-1fdf-46af-abcd-fda27de70ed6
2026-07-31 21:57:00 EDT,2026-08-01T01:57:21Z,OK,156.4,74.7,14.2,1.1,0,31.3,812.2,en0,30411,https://www.speedtest.net/result/c/5f0539b0-1b73-4aa0-954b-4a9e234f0e97
2026-07-31 22:27:24 EDT,2026-08-01T02:27:41Z,OK,152.7,60.7,16.2,7.6,0,249.0,479.2,en0,30411,https://www.speedtest.net/result/c/e769cf63-b23c-4b36-926d-ac4cea3b7772
2026-07-31 22:57:43 EDT,2026-08-01T02:58:00Z,OK,172.2,61.3,19.9,1.1,0,76.5,472.7,en0,30411,https://www.speedtest.net/result/c/20901bdc-b59f-4dc1-b6c8-1f86f52115ab
2026-07-31 23:28:37 EDT,2026-08-01T03:29:06Z,OK,232.8,99.9,10.2,0.9,0,631.5,552.0,en0,30411,https://www.speedtest.net/result/c/aa6f0373-dce9-48e8-8cbe-c701c1fa642d
2026-08-01 00:25:18 EDT,2026-08-01T04:25:42Z,OK,268.8,139.8,9.8,1.1,0,25.5,36.9,en0,30411,https://www.speedtest.net/result/c/d28919df-ea22-4294-bd73-d883e7358332
2026-08-01 00:55:44 EDT,2026-08-01T04:56:05Z,OK,214.7,133.7,9.3,2.0,0,44.7,37.5,en0,30411,https://www.speedtest.net/result/c/af4c6db7-ccb8-4a9c-a724-5964014a0de8
2026-08-01 01:37:54 EDT,2026-08-01T05:38:15Z,OK,246.3,138.7,12.2,3.1,0,30.3,422.9,en0,30411,https://www.speedtest.net/result/c/9fad0464-9b34-4691-bd63-57ae8d83e6fb
2026-08-01 02:08:16 EDT,2026-08-01T06:08:33Z,OK,257.8,132.9,9.9,1.3,0,38.0,165.8,en0,30411,https://www.speedtest.net/result/c/6e9be269-41d7-4979-9c1e-1186a8e19266
2026-08-01 02:38:35 EDT,2026-08-01T06:38:54Z,OK,282.3,145.9,13.1,8.1,0,29.9,444.7,en0,30411,https://www.speedtest.net/result/c/c0ccf17f-6ff9-41e2-b684-2f110ee7a55b
2026-08-01 03:08:56 EDT,2026-08-01T07:09:11Z,OK,258.2,142.8,19.6,0.9,0,31.4,153.6,en0,30411,https://www.speedtest.net/result/c/a2738012-94ee-405f-90e7-193c945af4fc
2026-08-01 03:56:16 EDT,2026-08-01T07:56:37Z,OK,243.3,141.0,9.9,1.7,0,20.9,159.8,en0,30411,https://www.speedtest.net/result/c/513be600-f670-4a5f-8d0b-50c103f8f1eb
2026-08-01 04:26:38 EDT,2026-08-01T08:26:58Z,OK,252.0,140.8,9.3,0.8,0,28.8,162.4,en0,30411,https://www.speedtest.net/result/c/ffcbffe9-8657-44c9-88c3-6ae817524ec6
2026-08-01 04:57:02 EDT,2026-08-01T08:57:22Z,OK,275.4,118.2,19.6,2.1,0,28.9,49.2,en0,30411,https://www.speedtest.net/result/c/6caf72a9-7e04-4695-963d-2a6f8de5edba
2026-08-01 05:27:24 EDT,2026-08-01T09:27:42Z,OK,257.9,111.2,19.4,0.9,0,58.8,434.2,en0,30411,https://www.speedtest.net/result/c/21bb4c16-e67a-45e1-a086-72e3a82a63b4
2026-08-01 05:57:44 EDT,2026-08-01T09:58:07Z,OK,213.6,111.4,13.0,5.8,1.492537313432836,179.5,373.6,en0,30411,https://www.speedtest.net/result/c/3f011d0b-24ef-4776-a1d6-238f573771f6
2026-08-01 09:07:25 EDT,2026-08-01T13:07:45Z,OK,258.1,105.8,19.6,0.9,0,39.3,185.4,en0,30411,https://www.speedtest.net/result/c/24bb7b1d-137d-40cf-9945-12b6db0f3adc
2026-08-01 12:28:52 EDT,2026-08-01T16:41:44Z,OK,250.1,134.5,16.2,7.9,0,29.2,435.3,en0,30411,https://www.speedtest.net/result/c/6e428285-7a16-444f-acd6-7bc253752c9c
2026-08-01 13:50:49 EDT,2026-08-01T17:51:18Z,OK,135.0,142.5,10.0,1.1,0,319.2,175.5,en0,30411,https://www.speedtest.net/result/c/1f86dfe5-3ba6-4e80-9602-082198e0c6cb
2026-08-01 14:49:00 EDT,2026-08-01T18:49:19Z,OK,253.4,109.6,18.7,4.0,0,33.0,452.6,en0,30411,https://www.speedtest.net/result/c/04abe1fc-e558-4995-9971-aa5a34c29a32
2026-08-01 17:51:48 EDT,2026-08-01T22:13:49Z,OK,92.5,30.0,13.0,5.8,0,123.5,1141.5,en0,30411,https://www.speedtest.net/result/c/f70f3dc1-6c03-4b92-9c46-309c01311e2b
2026-08-01 22:23:43 EDT,2026-08-02T02:24:13Z,OK,176.3,42.1,19.3,22.5,0,122.9,260.4,en0,30411,https://www.speedtest.net/result/c/3856a93a-56a3-4b34-84ab-363dc968e463
2026-08-01 22:57:35 EDT,2026-08-02T02:58:07Z,OK,164.9,28.2,19.6,2.5,0,1236.2,1375.4,en0,30411,https://www.speedtest.net/result/c/6d1537ca-fc3c-403b-a61e-2dc33cc53a64
2026-08-02 00:03:26 EDT,2026-08-02T04:03:42Z,OK,241.0,128.2,11.2,1.4,0,35.8,43.1,en0,30411,https://www.speedtest.net/result/c/573c8ce3-2728-4f30-a272-c0771d66ea0d
2026-08-02 01:44:42 EDT,2026-08-02T05:45:04Z,OK,236.0,64.8,12.5,3.6,0,28.5,994.4,en0,30411,https://www.speedtest.net/result/c/1e3ea8cf-44b7-4ebc-95a3-756f73111819
2026-08-02 09:21:01 EDT,,FAILED,,,,,,,,,30411,
2026-08-02 13:04:24 EDT,2026-08-02T17:04:51Z,OK,198.2,123.4,14.5,3.4,0,61.4,425.5,en0,30411,https://www.speedtest.net/result/c/772db317-9fd7-4b74-9a34-4417c1535e65
2026-08-02 13:34:53 EDT,2026-08-02T17:35:05Z,OK,225.3,123.0,10.0,3.2,0,39.7,435.2,en0,30411,https://www.speedtest.net/result/c/53e0f4f4-0f02-4f7e-87ca-d4b22368f44a
2026-08-02 14:05:07 EDT,2026-08-02T18:05:25Z,OK,253.4,137.6,10.1,1.4,0,35.9,486.7,en0,30411,https://www.speedtest.net/result/c/69c57d39-d730-4a51-9d5b-f80c38ea01c6
2026-08-02 14:35:26 EDT,2026-08-02T18:35:46Z,OK,208.7,115.5,20.0,1.9,0,59.2,419.7,en0,30411,https://www.speedtest.net/result/c/b4f255e5-09c0-42ce-bc4e-c23b7bb12baa
2026-08-02 15:05:48 EDT,2026-08-02T19:06:12Z,OK,216.7,96.5,16.0,15.4,0,47.5,478.6,en0,30411,https://www.speedtest.net/result/c/42d26429-f289-4bf3-ab2b-067632eaa073
2026-08-02 15:36:14 EDT,2026-08-02T19:36:35Z,OK,262.4,126.1,9.7,1.4,0,34.3,396.2,en0,30411,https://www.speedtest.net/result/c/1e71ffe3-052d-4def-a5de-a7094db01b9e
2026-08-02 16:06:37 EDT,2026-08-02T20:06:57Z,OK,239.6,133.0,9.3,4.9,0,24.6,390.3,en0,30411,https://www.speedtest.net/result/c/3fc7215b-a2a6-4c5d-b0e7-859567c152f6
2026-08-02 16:36:59 EDT,2026-08-02T20:37:19Z,OK,230.3,142.6,19.6,1.0,0,27.2,154.0,en0,30411,https://www.speedtest.net/result/c/5b8fc596-16db-466d-8437-fe729acd61c7
2026-08-02 17:07:21 EDT,2026-08-02T21:07:45Z,OK,231.2,139.9,14.2,17.6,0,29.9,170.1,en0,30411,https://www.speedtest.net/result/c/fee9e2ec-efcf-41c9-92af-691843856666
2026-08-02 17:37:47 EDT,2026-08-02T21:38:15Z,OK,238.9,145.3,10.0,0.7,0,39.9,159.6,en0,30411,https://www.speedtest.net/result/c/67d5f2c3-7647-4aaf-8f81-ee99305df0dc
2026-08-02 18:08:17 EDT,2026-08-02T22:08:43Z,OK,206.3,145.3,9.4,0.9,0,23.4,169.9,en0,30411,https://www.speedtest.net/result/c/962cc0a2-3637-43a4-a7f5-2d95bd6a077b
2026-08-02 18:38:44 EDT,2026-08-02T22:39:05Z,OK,236.2,138.8,19.5,1.6,0,42.5,173.5,en0,30411,https://www.speedtest.net/result/c/16382297-a457-4c35-ad3c-38e59cc9c9aa
2026-08-02 19:09:06 EDT,2026-08-02T23:09:19Z,OK,245.6,137.8,9.6,1.3,0,35.0,196.7,en0,30411,https://www.speedtest.net/result/c/d5165854-bcf3-4da2-8c0e-ff7a9246b8f4
2026-08-02 19:39:21 EDT,2026-08-02T23:39:41Z,OK,201.6,135.2,9.2,1.5,0,34.6,409.2,en0,30411,https://www.speedtest.net/result/c/f4362168-d53f-4138-a86d-f79723ed76c6
2026-08-02 20:09:43 EDT,2026-08-03T00:10:04Z,OK,222.4,120.3,10.1,1.4,0,32.2,178.8,en0,30411,https://www.speedtest.net/result/c/ed2157e7-a18e-4143-8e49-1222d2736739
2026-08-02 20:40:06 EDT,2026-08-03T00:40:25Z,OK,222.9,120.6,10.0,1.7,0,254.8,568.5,en0,30411,https://www.speedtest.net/result/c/685569c9-4c14-486d-ba41-b4cfec2027ac
2026-08-02 21:10:26 EDT,2026-08-03T01:10:45Z,OK,220.6,121.7,10.7,3.8,0,34.1,409.7,en0,30411,https://www.speedtest.net/result/c/31ea3f4e-242a-4eb0-b02f-0836257b8d47
2026-08-02 21:40:46 EDT,2026-08-03T01:40:59Z,OK,244.6,118.2,23.4,5.1,0,36.5,424.2,en0,30411,https://www.speedtest.net/result/c/af1aad41-9368-4db4-af43-c0a701fcd07f
2026-08-02 22:11:01 EDT,2026-08-03T02:11:34Z,OK,189.0,107.1,9.6,0.5,0,250.1,205.1,en0,30411,https://www.speedtest.net/result/c/6e379bf0-09aa-4bd6-ad8e-00b5843944e8
2026-08-02 22:41:36 EDT,2026-08-03T02:42:06Z,OK,191.7,105.9,19.6,2.6,0,45.4,169.1,en0,30411,https://www.speedtest.net/result/c/60eb2951-a6dc-4406-960f-94bc4208046d
2026-08-02 23:12:08 EDT,2026-08-03T03:12:27Z,OK,188.1,114.4,10.1,2.4,0,27.0,167.1,en0,30411,https://www.speedtest.net/result/c/3d0fe191-7a58-4685-ac9a-cc8d4b7fee6f
2026-08-02 23:42:29 EDT,2026-08-03T03:42:47Z,OK,249.3,113.9,19.6,0.6,0,42.0,168.3,en0,30411,https://www.speedtest.net/result/c/293b6e04-8a16-44e2-b6e0-cba47c9acc76
2026-08-03 00:12:49 EDT,2026-08-03T04:13:09Z,OK,219.0,110.5,19.6,2.4,0,34.8,45.7,en0,30411,https://www.speedtest.net/result/c/0cfad9e1-077a-49f1-af51-e379e27d0562
2026-08-03 00:43:11 EDT,2026-08-03T04:43:33Z,OK,231.4,108.9,19.9,0.8,0,29.7,186.1,en0,30411,https://www.speedtest.net/result/c/7d2ac732-1358-45de-9af6-4fdf86855f87
2026-08-03 01:13:35 EDT,2026-08-03T05:13:50Z,OK,239.5,122.9,16.6,3.1,0,53.5,45.8,en0,30411,https://www.speedtest.net/result/c/57c64a31-b7b4-4d4e-a570-010e4e43b975
2026-08-03 01:43:52 EDT,2026-08-03T05:44:18Z,OK,248.7,110.6,19.7,1.4,0,44.6,181.5,en0,30411,https://www.speedtest.net/result/c/567220cd-1412-486f-8518-412028315981
2026-08-03 02:14:20 EDT,2026-08-03T06:14:42Z,OK,211.5,109.3,10.0,1.2,0,19.3,450.9,en0,30411,https://www.speedtest.net/result/c/aaa20058-0330-4aa3-acac-4797bda040af
2026-08-03 02:44:44 EDT,2026-08-03T06:45:08Z,OK,219.4,115.2,19.7,1.3,0,57.5,161.8,en0,30411,https://www.speedtest.net/result/c/3258201e-5570-4d25-b73a-91bf593cd4ca
2026-08-03 03:15:11 EDT,2026-08-03T07:15:29Z,OK,206.1,113.1,10.0,1.6,0,20.6,157.1,en0,30411,https://www.speedtest.net/result/c/c551afd6-200f-4425-8eee-5dc1c24722a3
2026-08-03 03:45:31 EDT,2026-08-03T07:45:49Z,OK,219.2,110.5,9.2,1.1,0,21.6,171.5,en0,30411,https://www.speedtest.net/result/c/f8f3c80c-8c55-4044-a388-d22fa91d5961
2026-08-03 04:15:51 EDT,2026-08-03T08:16:08Z,OK,255.3,111.6,12.6,2.2,0,37.5,160.7,en0,30411,https://www.speedtest.net/result/c/1c333b5b-9d8c-4a68-b51e-ce0aafc4ca20
2026-08-03 04:46:57 EDT,2026-08-03T08:47:13Z,OK,225.0,118.6,9.4,1.2,0,36.8,169.8,en0,30411,https://www.speedtest.net/result/c/3bd6c31d-a085-4ff0-b48a-acd832cebb8d
2026-08-03 05:17:59 EDT,2026-08-03T09:18:23Z,OK,210.5,103.5,10.3,1.4,0,76.3,233.4,en0,30411,https://www.speedtest.net/result/c/ffdb3ace-709f-4c3b-8a17-5d9f39c45ab4
2026-08-03 05:49:19 EDT,2026-08-03T09:49:40Z,OK,219.9,98.9,10.0,1.7,0,38.0,485.7,en0,30411,https://www.speedtest.net/result/c/1c757aeb-cbda-468d-8c75-c9847b33ea15
2026-08-03 06:19:41 EDT,2026-08-03T10:20:02Z,OK,231.2,114.6,9.8,1.7,0,48.9,453.6,en0,30411,https://www.speedtest.net/result/c/3f830a80-81b5-4b27-a000-76b5d8127ba1
2026-08-03 06:50:04 EDT,2026-08-03T10:50:29Z,OK,210.1,120.4,9.5,1.0,0,24.1,172.0,en0,30411,https://www.speedtest.net/result/c/f864e8c0-2384-4df5-b2cc-bcee7bfce7e4
2026-08-03 07:25:54 EDT,,FAILED,,,,,,,,,30411,
2026-08-03 07:55:55 EDT,,FAILED,,,,,,,,,30411,
2026-08-03 09:24:12 EDT,,FAILED,,,,,,,,,30411,
2026-08-03 13:05:56 EDT,,FAILED,,,,,,,,,30411,
2026-08-03 15:15:30 EDT,,FAILED,,,,,,,,,30411,
2026-08-03 16:52:01 EDT,,FAILED,,,,,,,,,30411,
2026-08-03 20:56:18 EDT,2026-08-04T00:56:39Z,OK,298.1,218.6,19.9,2.1,0,83.2,495.7,en0,30411,https://www.speedtest.net/result/c/3795c815-2b6c-4ceb-9701-92c4a97e6f96
2026-08-03 21:26:41 EDT,2026-08-04T01:27:01Z,OK,298.9,192.6,19.7,1.4,0,57.5,239.2,en0,30411,https://www.speedtest.net/result/c/0870117a-f14c-4ac4-a9c7-c275ae82ca6f
2026-08-03 21:57:03 EDT,2026-08-04T01:57:28Z,OK,306.8,195.4,19.7,1.4,0,44.2,398.4,en0,30411,https://www.speedtest.net/result/c/641444ca-fc85-4c4e-bbb0-39a1031fe8fc
2026-08-04 00:46:10 EDT,2026-08-04T04:46:26Z,OK,138.4,28.7,19.2,1.4,0,329.7,523.6,en0,30411,https://www.speedtest.net/result/c/e91c2a7c-2308-4053-b837-06bdde977e44
2026-08-04 05:06:25 EDT,2026-08-04T09:06:43Z,OK,258.4,269.4,12.4,3.3,0,40.6,373.5,en0,30411,https://www.speedtest.net/result/c/f945b8a3-778b-47d8-9870-93226681bff1
2026-08-04 05:36:45 EDT,2026-08-04T09:37:02Z,OK,278.4,249.5,19.7,0.8,0,22.3,33.0,en0,30411,https://www.speedtest.net/result/c/d5622ae4-72eb-4fb3-a224-6226a07f74a3
2026-08-04 07:07:24 EDT,,FAILED,,,,,,,,,30411,
2026-08-04 07:42:28 EDT,,FAILED,,,,,,,,,30411,
2026-08-04 08:12:29 EDT,,FAILED,,,,,,,,,30411,
2026-08-04 09:50:52 EDT,,FAILED,,,,,,,,,30411,
2026-08-04 10:49:48 EDT,,FAILED,,,,,,,,,30411,
2026-08-04 11:48:21 EDT,,FAILED,,,,,,,,,30411,
2026-08-04 12:19:07 EDT,,FAILED,,,,,,,,,30411,
2026-08-04 13:49:31 EDT,,FAILED,,,,,,,,,30411,
2026-08-04 20:51:51 EDT,2026-08-05T00:52:07Z,OK,266.2,174.9,10.0,1.5,0,81.8,437.4,en0,30411,https://www.speedtest.net/result/c/53b527f9-2b7a-4fad-a083-c253686eab7f
2026-08-04 21:22:08 EDT,2026-08-05T01:22:30Z,OK,264.5,163.0,9.9,3.2,0,23.1,378.1,en0,30411,https://www.speedtest.net/result/c/994947e2-3860-42a1-9b02-5b6cd05dda28
2026-08-04 21:52:32 EDT,2026-08-05T01:52:48Z,OK,300.2,158.0,19.2,1.5,0,254.2,891.3,en0,30411,https://www.speedtest.net/result/c/a741dbad-2c71-4801-94ed-5e9e7f43cfcb
2026-08-04 22:22:49 EDT,2026-08-05T02:23:15Z,OK,227.3,78.8,14.9,1.3,0,35.8,626.8,en0,30411,https://www.speedtest.net/result/c/fa9a15cf-8ad5-414a-9eba-f478d7f6ae7b
2026-08-04 22:53:16 EDT,2026-08-05T02:53:34Z,OK,287.0,172.8,9.7,1.3,0,22.4,387.5,en0,30411,https://www.speedtest.net/result/c/f43db2cb-48e2-4942-9355-689e49901d6a
2026-08-04 23:23:36 EDT,2026-08-05T03:23:52Z,OK,274.0,179.4,13.1,5.7,0,27.3,153.7,en0,30411,https://www.speedtest.net/result/c/ccd991a0-406b-4e8d-a872-9fce833e7ab2
2026-08-04 23:53:53 EDT,2026-08-05T03:54:21Z,OK,283.7,202.3,9.8,4.7,1.1494252873563218,47.1,156.8,en0,30411,https://www.speedtest.net/result/c/d4f98df6-9d5b-4e61-b760-f083f118e6c9
2026-08-05 00:24:22 EDT,2026-08-05T04:24:44Z,OK,225.0,194.1,10.4,2.1,0,48.1,164.5,en0,30411,https://www.speedtest.net/result/c/8e36e42e-823d-4ab0-86a4-3a91c7bbf8f1
2026-08-05 00:54:45 EDT,2026-08-05T04:55:10Z,OK,278.7,207.5,10.7,2.8,0,35.0,162.7,en0,30411,https://www.speedtest.net/result/c/40848a92-68f1-47db-b5c5-ae905104af02
2026-08-05 01:25:11 EDT,2026-08-05T05:25:33Z,OK,300.1,193.5,10.0,1.4,0,28.7,159.0,en0,30411,https://www.speedtest.net/result/c/ffe5b2cd-d93a-46fc-b938-222c073fcb44
2026-08-05 01:55:35 EDT,2026-08-05T05:55:58Z,OK,297.1,195.1,10.1,0.9,0,24.6,158.9,en0,30411,https://www.speedtest.net/result/c/614bee77-f9fa-4261-8248-15e65b51bd95
2026-08-05 02:26:00 EDT,2026-08-05T06:26:20Z,OK,227.4,193.5,10.9,3.0,0,17.5,28.6,en0,30411,https://www.speedtest.net/result/c/fff044e1-095e-4562-9a95-225712230a1d
2026-08-05 02:56:22 EDT,2026-08-05T06:56:45Z,OK,274.1,192.7,19.0,4.5,0,28.8,153.9,en0,30411,https://www.speedtest.net/result/c/595e11a5-e070-436d-9825-e7184647c62f
2026-08-05 03:26:47 EDT,2026-08-05T07:27:07Z,OK,285.4,200.5,9.9,1.3,0,39.8,157.5,en0,30411,https://www.speedtest.net/result/c/e108498f-8c37-4841-ba24-9484b46f5735
2026-08-05 03:57:09 EDT,2026-08-05T07:57:32Z,OK,307.9,194.3,20.2,1.9,0,133.9,37.6,en0,30411,https://www.speedtest.net/result/c/45e76733-c623-4e09-a121-a0ea61bd1233
2026-08-05 04:27:34 EDT,2026-08-05T08:27:56Z,OK,278.8,195.9,9.7,1.8,0,24.4,35.4,en0,30411,https://www.speedtest.net/result/c/6e94bb51-2a27-4f50-a028-7df1750aa6f9
2026-08-05 04:57:57 EDT,2026-08-05T08:58:25Z,OK,235.4,199.8,10.2,1.3,0,23.1,145.9,en0,30411,https://www.speedtest.net/result/c/b83d3068-26be-4f2e-9659-f8ab6334adbe
2026-08-05 05:28:27 EDT,2026-08-05T09:28:48Z,OK,300.3,195.8,10.1,1.1,0,23.6,161.3,en0,30411,https://www.speedtest.net/result/c/036f2468-7d34-405f-8ef9-14f3741a59ca
2026-08-05 05:58:49 EDT,2026-08-05T09:59:10Z,OK,305.8,206.4,12.8,3.1,0,30.8,145.5,en0,30411,https://www.speedtest.net/result/c/94262efc-7116-491e-ae43-f738ef21d32a
2026-08-05 06:29:12 EDT,2026-08-05T10:29:30Z,OK,306.3,200.5,9.6,0.7,0,36.5,149.5,en0,30411,https://www.speedtest.net/result/c/80850f8b-6834-4cec-afd7-950a53f8b01b
2026-08-05 07:15:30 EDT,,FAILED,,,,,,,,,30411,
2026-08-05 07:45:30 EDT,,FAILED,,,,,,,,,30411,
2026-08-05 08:15:31 EDT,,FAILED,,,,,,,,,30411,
2026-08-05 09:32:43 EDT,,FAILED,,,,,,,,,30411,
2026-08-05 11:28:14 EDT,,FAILED,,,,,,,,,30411,
2026-08-05 12:35:50 EDT,,FAILED,,,,,,,,,30411,
2026-08-05 13:09:27 EDT,,FAILED,,,,,,,,,30411,
2026-08-05 17:38:37 EDT,,FAILED,,,,,,,,,30411,
2026-08-05 20:39:19 EDT,2026-08-06T00:39:41Z,OK,216.2,188.9,9.3,1.0,0,73.3,386.0,en0,30411,https://www.speedtest.net/result/c/8a826869-1d22-43f9-bba1-2534ecdfd3e2
2026-08-06 03:42:27 EDT,2026-08-06T07:57:35Z,OK,202.0,153.7,10.7,4.3,0,20.3,456.8,en0,30411,https://www.speedtest.net/result/c/61160b47-f276-4636-956a-d0cff7b84b3d
2026-08-06 06:47:20 EDT,2026-08-06T10:47:37Z,OK,242.6,181.5,19.5,1.2,0,26.0,168.8,en0,30411,https://www.speedtest.net/result/c/2af3dfcf-59cb-488b-90b0-660212dd8b2e
2026-08-06 07:17:39 EDT,2026-08-06T11:17:56Z,OK,292.7,184.3,19.6,1.2,0,127.2,473.6,en0,30411,https://www.speedtest.net/result/c/1dd47227-84d9-4805-8dfd-7620e7ea6d60
2026-08-06 07:47:58 EDT,2026-08-06T11:48:14Z,OK,242.1,185.1,9.2,1.3,0,30.0,161.5,en0,30411,https://www.speedtest.net/result/c/5a8c3561-c28e-47ab-895d-c15280b571da
2026-08-06 08:30:08 EDT,2026-08-06T12:30:27Z,OK,244.1,187.1,10.0,1.0,0,29.2,412.5,en0,30411,https://www.speedtest.net/result/c/8b010cd8-cb00-4ed6-9d3e-c99b668b499d
2026-08-06 09:00:29 EDT,2026-08-06T13:00:45Z,OK,239.8,176.9,9.3,1.4,0,28.7,166.7,en0,30411,https://www.speedtest.net/result/c/c04bcc5c-3e73-400f-a9fd-24fe27de1632
2026-08-06 09:30:47 EDT,2026-08-06T13:31:01Z,OK,271.8,168.6,19.1,4.4,0,28.6,161.8,en0,30411,https://www.speedtest.net/result/c/aaed8365-ff9c-4037-9a8e-8594739af8f9
2026-08-06 10:01:03 EDT,2026-08-06T14:01:24Z,OK,254.9,183.3,13.1,6.3,0,33.7,458.2,en0,30411,https://www.speedtest.net/result/c/b8ee9447-b2b2-4fb9-8fcd-4929d9e0a093
2026-08-06 10:31:26 EDT,2026-08-06T14:31:52Z,OK,250.6,139.6,20.0,2.0,0,29.0,526.5,en0,30411,https://www.speedtest.net/result/c/8eea17ee-2d75-4db6-af20-16c6aee326c3
2026-08-06 11:01:54 EDT,2026-08-06T15:02:20Z,OK,211.4,122.3,9.3,1.1,0,69.0,664.7,en0,30411,https://www.speedtest.net/result/c/18f6c7a1-4edf-4733-95ab-6257b3865827
2026-08-06 11:32:22 EDT,2026-08-06T15:32:48Z,OK,284.4,180.5,19.4,0.5,0,118.1,407.6,en0,30411,https://www.speedtest.net/result/c/05ee7929-f634-4e55-855f-2c5f9ee0a7b9
2026-08-06 12:02:50 EDT,2026-08-06T16:03:09Z,OK,270.8,185.1,10.0,2.5,0,29.3,227.1,en0,30411,https://www.speedtest.net/result/c/0839dba9-cdc9-4faf-9526-dd885bff95de
2026-08-06 12:33:12 EDT,2026-08-06T16:33:32Z,OK,243.3,171.0,9.7,1.6,0,27.4,394.8,en0,30411,https://www.speedtest.net/result/c/8ac1b683-5fa3-45c3-a417-3ad0987c2f91
2026-08-06 13:03:34 EDT,2026-08-06T17:03:56Z,OK,305.7,187.3,20.0,2.1,0,240.4,662.3,en0,30411,https://www.speedtest.net/result/c/605fe517-ba34-4c53-b411-cb6afa1b89a3
2026-08-06 13:33:58 EDT,2026-08-06T17:34:18Z,OK,244.7,179.6,10.1,1.7,0,19.9,163.0,en0,30411,https://www.speedtest.net/result/c/1ff4aa2b-9b9d-4e8b-a268-1a7ed16c079b
2026-08-06 14:04:20 EDT,2026-08-06T18:04:36Z,OK,275.0,191.2,19.8,2.3,0,44.9,389.9,en0,30411,https://www.speedtest.net/result/c/60e7d591-696d-4d2f-b9d6-29e7a8513e48
2026-08-06 14:34:38 EDT,2026-08-06T18:35:00Z,OK,240.0,195.4,9.3,1.1,0,25.3,377.6,en0,30411,https://www.speedtest.net/result/c/032c26d6-1cae-4640-8d2d-288ff0f0ac92
2026-08-06 15:05:02 EDT,2026-08-06T19:05:23Z,OK,228.9,191.3,10.0,1.5,0,27.5,48.5,en0,30411,https://www.speedtest.net/result/c/e0d9b65d-bf45-4dd8-b036-fe030df4e4bb
2026-08-06 15:35:25 EDT,2026-08-06T19:35:41Z,OK,247.9,189.6,9.7,1.4,0,25.6,41.4,en0,30411,https://www.speedtest.net/result/c/df31838e-f192-4bb9-b87f-5926f775eaa8
2026-08-06 16:05:43 EDT,2026-08-06T20:06:01Z,OK,304.8,220.2,19.5,0.8,0,193.7,408.6,en0,30411,https://www.speedtest.net/result/c/eae1c620-24c8-4621-a551-5c019bbf26cf
2026-08-06 16:36:02 EDT,2026-08-06T20:36:17Z,OK,267.1,184.1,10.0,1.0,0,33.7,414.4,en0,30411,https://www.speedtest.net/result/c/9c24cb63-48a3-433d-816d-26126f529115
2026-08-06 17:06:19 EDT,2026-08-06T21:06:38Z,OK,229.6,204.8,16.4,5.0,0,28.1,156.6,en0,30411,https://www.speedtest.net/result/c/1f9c3583-0b8f-45c2-bc71-4d0548369658
2026-08-06 17:36:40 EDT,2026-08-06T21:36:53Z,OK,287.2,191.1,9.3,1.0,0,28.0,391.9,en0,30411,https://www.speedtest.net/result/c/61185700-3bfd-43f3-9f44-2216fb49e112
2026-08-06 18:06:55 EDT,2026-08-06T22:07:15Z,OK,270.6,184.4,10.0,1.4,0,25.6,162.3,en0,30411,https://www.speedtest.net/result/c/3dee23bc-7d90-4089-ac73-d34724aee021
2026-08-06 19:03:07 EDT,,FAILED,,,,,,,,,30411,
2026-08-06 20:58:35 EDT,2026-08-07T00:58:51Z,OK,256.1,176.2,10.0,1.8,0,31.9,184.9,en0,30411,https://www.speedtest.net/result/c/b6bf3b9b-83be-437a-8b89-9f051b5a71f1
2026-08-06 21:28:53 EDT,2026-08-07T01:29:12Z,OK,299.4,180.4,19.8,0.9,0,239.2,185.7,en0,30411,https://www.speedtest.net/result/c/59a02797-e200-4896-9a0e-c44054930296
2026-08-07 02:51:10 EDT,2026-08-07T06:51:42Z,OK,271.0,119.0,71.0,83.3,0,88.5,405.0,en0,30411,https://www.speedtest.net/result/c/a5d15d9c-5094-4010-8b96-86d2221602fa
2026-08-07 05:17:02 EDT,2026-08-07T09:17:21Z,OK,283.0,176.1,10.7,4.7,0,29.0,33.5,en0,30411,https://www.speedtest.net/result/c/ba1fa0d6-985e-4763-91f3-31429832aba2
2026-08-07 05:47:23 EDT,2026-08-07T09:47:45Z,OK,295.8,173.9,19.8,1.0,0,25.3,406.1,en0,30411,https://www.speedtest.net/result/c/387e10dd-eb48-44bf-96d9-fec98034a9d6
2026-08-07 06:17:47 EDT,2026-08-07T10:18:08Z,OK,264.2,183.1,19.3,2.8,0,29.8,168.2,en0,30411,https://www.speedtest.net/result/c/64e4d7c2-d34f-4354-ac13-f0968476109e
2026-08-07 08:28:25 EDT,,FAILED,,,,,,,,,30411,
2026-08-07 09:16:54 EDT,2026-08-07T13:17:14Z,OK,300.0,182.9,13.8,2.8,0,25.3,424.6,en0,30411,https://www.speedtest.net/result/c/0fa09ce3-61a9-47cf-9b16-4dc97ae590ea
2026-08-07 09:47:16 EDT,2026-08-07T13:47:35Z,OK,295.9,175.1,10.0,1.5,0,41.0,404.3,en0,30411,https://www.speedtest.net/result/c/8f1e2a77-58f0-4de8-893f-2db603328e28
2026-08-07 10:17:37 EDT,2026-08-07T14:18:00Z,OK,270.8,170.2,9.3,0.9,0,25.2,348.0,en0,30411,https://www.speedtest.net/result/c/57abd9e3-d5a5-46fe-9c4b-073974bc9377
2026-08-07 10:48:02 EDT,2026-08-07T14:48:19Z,OK,298.0,173.7,19.9,1.8,0,67.3,31.3,en0,30411,https://www.speedtest.net/result/c/02b617fb-9517-456a-8aff-9572ee7715a4
2026-08-07 11:18:20 EDT,2026-08-07T15:18:44Z,OK,185.7,177.2,9.5,1.2,0,101.9,160.5,en0,30411,https://www.speedtest.net/result/c/9f1eb88f-82ec-4199-8001-9452ff3412a3
2026-08-07 11:48:46 EDT,2026-08-07T15:49:06Z,OK,240.7,175.8,18.8,3.7,0,39.8,152.9,en0,30411,https://www.speedtest.net/result/c/bd4a63af-5adf-4c97-b0bc-8f850fbd1d26
2026-08-07 12:19:08 EDT,2026-08-07T16:19:34Z,OK,234.1,184.1,10.0,1.5,0,27.6,167.6,en0,30411,https://www.speedtest.net/result/c/e7edb684-acae-4ef8-9671-8a12458300aa
2026-08-07 13:45:36 EDT,2026-08-07T17:46:00Z,OK,201.6,106.3,9.6,1.3,0,24.0,711.9,en0,30411,https://www.speedtest.net/result/c/62e59fe3-9dc6-4a36-b558-5258f645957a
2026-08-07 14:55:56 EDT,2026-08-07T18:56:15Z,OK,253.5,171.7,10.0,1.3,0,36.0,172.5,en0,30411,https://www.speedtest.net/result/c/cfaf2201-6451-4f4c-8d6a-2d8199fa1cb0
2026-08-07 15:26:17 EDT,2026-08-07T19:26:45Z,OK,263.0,110.9,19.7,1.2,0,38.3,863.7,en0,30411,https://www.speedtest.net/result/c/64f2cce2-5f16-4089-9797-dc4f27e0cf0a
2026-08-07 16:05:57 EDT,2026-08-07T20:06:17Z,OK,246.2,79.4,9.4,0.8,0,27.9,866.7,en0,30411,https://www.speedtest.net/result/c/97c3a377-243a-49de-b95f-67b8bdf01df4
2026-08-07 20:13:39 EDT,2026-08-08T00:14:11Z,OK,108.0,41.5,15.7,75.6,0,508.8,1251.3,en0,30411,https://www.speedtest.net/result/c/3ab037ac-d013-4eda-8b1f-07ec6b2db306
2026-08-07 20:44:13 EDT,2026-08-08T00:44:37Z,OK,247.9,153.3,9.7,1.0,0,50.2,409.2,en0,30411,https://www.speedtest.net/result/c/1ed680ed-6e01-4a77-a201-94affdf3d4fe
2026-08-07 21:14:39 EDT,,FAILED,,,,,,,,,30411,
2026-08-07 21:44:39 EDT,2026-08-08T01:45:04Z,OK,213.5,137.2,10.8,3.2,0,55.8,468.3,en0,30411,https://www.speedtest.net/result/c/7b78227e-2cea-4b8e-93bc-1074f8a0e112
2026-08-07 22:18:26 EDT,2026-08-08T02:18:50Z,OK,142.0,35.4,19.2,4.2,0,107.9,129.1,en0,30411,https://www.speedtest.net/result/c/97828ea7-78ba-4a1a-b54f-14aa0d53ee04
2026-08-07 23:11:07 EDT,2026-08-08T03:11:22Z,OK,280.4,150.0,13.1,7.4,0,43.3,171.3,en0,30411,https://www.speedtest.net/result/c/aaca6d4f-4061-44ba-aa1c-72f3c2d5700c
2026-08-07 23:41:24 EDT,2026-08-08T03:41:49Z,OK,219.5,141.4,13.2,3.0,0,29.6,30.2,en0,30411,https://www.speedtest.net/result/c/45db454e-755b-4a1d-9056-ba7c7ec8a7c2
2026-08-08 00:16:43 EDT,2026-08-08T04:16:57Z,OK,233.2,153.4,46.4,107.3,0,20.3,167.8,en0,30411,https://www.speedtest.net/result/c/731b1206-586d-45d7-bcca-7c2c44660cc4
2026-08-08 01:02:43 EDT,2026-08-08T05:02:56Z,OK,273.6,162.8,10.3,1.6,0,26.8,62.7,en0,30411,https://www.speedtest.net/result/c/c9042ead-f7af-4e12-8ce8-62e891a5e612
2026-08-08 01:32:58 EDT,2026-08-08T05:33:16Z,OK,231.7,152.3,10.0,1.5,0,25.0,184.3,en0,30411,https://www.speedtest.net/result/c/a3cb084d-b68c-41e1-9d46-e1cb41c56fe8
2026-08-08 02:03:18 EDT,2026-08-08T06:03:32Z,OK,304.5,156.7,10.0,1.8,0,28.7,171.2,en0,30411,https://www.speedtest.net/result/c/0ca83606-26ea-47b3-8c94-87f21938303d
2026-08-08 02:33:34 EDT,2026-08-08T06:33:57Z,OK,226.6,142.9,19.6,0.9,0,23.6,174.8,en0,30411,https://www.speedtest.net/result/c/c2d5c84b-f622-40df-a82f-3754340b22b2
2026-08-08 03:03:59 EDT,2026-08-08T07:04:19Z,OK,261.8,148.7,10.0,1.3,0,28.7,52.6,en0,30411,https://www.speedtest.net/result/c/9dd665d8-1f4d-4428-83ce-1ba3dd456c00
2026-08-08 03:34:21 EDT,2026-08-08T07:34:40Z,OK,276.0,150.9,19.6,0.8,0,25.3,175.4,en0,30411,https://www.speedtest.net/result/c/eec9ed85-3cc9-41ab-8211-0388162b2d39
2026-08-08 04:04:42 EDT,2026-08-08T08:04:59Z,OK,223.6,141.6,10.0,1.6,0,60.0,176.5,en0,30411,https://www.speedtest.net/result/c/de76b23c-5969-4743-96ff-5f3359beee28
2026-08-08 04:35:00 EDT,2026-08-08T08:35:18Z,OK,280.3,161.3,13.2,7.1,0,22.7,44.0,en0,30411,https://www.speedtest.net/result/c/0b69df07-0cad-458d-bcc2-8df6fa75441c
2026-08-08 05:14:04 EDT,2026-08-08T09:14:20Z,OK,256.8,128.4,19.7,0.8,3.0303030303030303,236.3,65.9,en0,30411,https://www.speedtest.net/result/c/3ea5df47-d32d-41aa-a228-474b050c07c2
2026-08-08 05:44:21 EDT,2026-08-08T09:44:43Z,OK,252.9,129.7,19.5,1.4,0,31.9,182.0,en0,30411,https://www.speedtest.net/result/c/429a8114-4c5c-4a4a-bad3-b6ed6d604ab1
2026-08-08 06:18:03 EDT,2026-08-08T10:18:19Z,OK,237.9,112.8,19.6,0.5,0,30.9,464.8,en0,30411,https://www.speedtest.net/result/c/6136bb3b-3acb-4ede-bf3a-e54769d7f3ab
2026-08-08 06:48:20 EDT,2026-08-08T10:48:34Z,OK,249.5,102.1,18.9,5.3,0,32.7,51.1,en0,30411,https://www.speedtest.net/result/c/4f5f28c6-ee62-40cb-b6cd-0cdff98821e1
2026-08-08 07:39:48 EDT,2026-08-08T11:40:13Z,OK,206.9,106.0,18.9,3.5,0,37.1,481.7,en0,30411,https://www.speedtest.net/result/c/d742f491-1178-4e1d-8349-364051c050c3
2026-08-08 08:10:15 EDT,2026-08-08T12:10:39Z,OK,247.6,113.8,19.6,0.3,0,33.3,212.5,en0,30411,https://www.speedtest.net/result/c/046e9f88-2805-409c-bbb8-f2a2fcd0ce96
2026-08-08 08:40:41 EDT,2026-08-08T12:41:03Z,OK,221.5,75.3,17.4,4.9,0,38.0,235.8,en0,30411,https://www.speedtest.net/result/c/e7410315-fca3-46f5-bf25-fa07599d9bc9
2026-08-08 09:11:47 EDT,2026-08-08T13:12:10Z,OK,288.8,192.8,19.6,0.5,0,28.5,442.9,en0,30411,https://www.speedtest.net/result/c/10165cde-2612-4f79-a80f-15a0d103eefd
2026-08-08 09:42:12 EDT,2026-08-08T13:42:30Z,OK,306.4,202.0,10.4,2.2,0,39.3,180.4,en0,30411,https://www.speedtest.net/result/c/b5c078e3-1232-492b-ab54-02a08084e0a0
2026-08-08 10:28:15 EDT,2026-08-08T14:28:34Z,OK,239.4,176.9,10.0,0.9,0,31.0,168.4,en0,30411,https://www.speedtest.net/result/c/a11b65f1-7bfd-4738-ae3c-4a7b75e2b1d6
2026-08-08 10:58:36 EDT,2026-08-08T14:58:55Z,OK,276.6,170.1,19.2,5.1,0,30.3,399.8,en0,30411,https://www.speedtest.net/result/c/d4c30749-639c-4986-936f-6b95d12c97c0
2026-08-08 11:28:57 EDT,2026-08-08T15:29:13Z,OK,292.8,176.5,10.0,1.5,0,22.5,42.2,en0,30411,https://www.speedtest.net/result/c/ae3fa997-2781-4a01-85fe-98351b48a549
2026-08-08 11:59:15 EDT,2026-08-08T15:59:36Z,OK,259.2,162.5,10.1,1.2,0,19.1,162.3,en0,30411,https://www.speedtest.net/result/c/9c5aeac7-3ee8-4b13-af77-611407ab6b33
2026-08-08 13:08:33 EDT,2026-08-08T17:09:10Z,OK,280.0,123.8,10.1,1.4,0,830.6,305.8,en0,30411,https://www.speedtest.net/result/c/29ff78d0-29ae-421c-acc7-42ab574223b3
2026-08-08 14:33:34 EDT,2026-08-08T18:33:56Z,OK,304.0,147.1,19.7,1.2,0,215.5,422.9,en0,30411,https://www.speedtest.net/result/c/03c6d63e-bb79-48ff-9028-e2f23aba7a59
2026-08-08 15:03:58 EDT,2026-08-08T19:04:14Z,OK,258.3,161.9,9.7,2.1,0,31.0,156.8,en0,30411,https://www.speedtest.net/result/c/9aa6e8f2-1eac-44fa-b3bd-cb1d81539302
2026-08-08 15:34:15 EDT,2026-08-08T19:34:32Z,OK,306.5,189.0,16.3,6.1,0,249.2,428.6,en0,30411,https://www.speedtest.net/result/c/83f74b22-6619-440b-acd4-878f3af7502e
2026-08-08 20:34:15 EDT,,FAILED,,,,,,,,,30411,
2026-08-08 23:08:00 EDT,2026-08-09T03:08:26Z,OK,264.5,59.3,9.6,1.2,0,28.6,874.1,en0,30411,https://www.speedtest.net/result/c/e66ba038-7556-46b3-a0be-f609cb518ed4
2026-08-09 19:50:51 EDT,2026-08-09T23:51:23Z,OK,236.3,128.8,16.5,3.0,0,485.7,1163.6,en0,30411,https://www.speedtest.net/result/c/e1a5667e-8436-481b-a6a2-5982881506a1
2026-08-09 21:45:21 EDT,2026-08-10T01:45:43Z,OK,222.5,183.9,9.8,0.6,0,224.3,49.4,en0,30411,https://www.speedtest.net/result/c/137fb549-4679-47b8-8a3e-b735c14e2c6d
2026-08-09 22:15:44 EDT,2026-08-10T02:16:05Z,OK,215.1,181.6,9.5,0.9,0,187.5,418.2,en0,30411,https://www.speedtest.net/result/c/1df9cdb4-5ca5-40d5-ba64-f49760d69b91
2026-08-09 22:46:07 EDT,2026-08-10T02:46:25Z,OK,283.0,178.3,9.3,1.0,0,31.0,399.7,en0,30411,https://www.speedtest.net/result/c/63e341e3-ebd9-4183-bcb9-115bf2e1ea67
2026-08-09 23:16:28 EDT,2026-08-10T03:16:43Z,OK,277.1,172.1,19.6,1.4,0,27.2,34.2,en0,30411,https://www.speedtest.net/result/c/98479e4d-7385-4d5e-8a55-f269ecb0c939
2026-08-09 23:46:45 EDT,2026-08-10T03:47:13Z,OK,206.2,176.7,9.7,1.2,0,151.3,162.6,en0,30411,https://www.speedtest.net/result/c/5b13f1ed-eacd-4acf-8a0e-e70beb973871
2026-08-10 00:17:14 EDT,2026-08-10T04:17:34Z,OK,305.2,175.8,10.0,1.2,0,45.8,44.9,en0,30411,https://www.speedtest.net/result/c/2d5c492e-0c9a-4b13-8e8b-309dc4c6debb
2026-08-10 00:47:36 EDT,2026-08-10T04:47:56Z,OK,252.8,174.9,9.7,1.3,0,25.3,176.2,en0,30411,https://www.speedtest.net/result/c/c254a0b2-9db3-46e3-b6e3-d804c584c309
2026-08-10 01:17:58 EDT,2026-08-10T05:18:20Z,OK,305.2,172.6,19.5,0.8,0,126.7,164.0,en0,30411,https://www.speedtest.net/result/c/d831a275-0165-40d7-b5ca-65cf9aeb99d9
2026-08-10 01:48:22 EDT,2026-08-10T05:48:37Z,OK,273.1,178.9,9.4,1.0,0,29.1,28.5,en0,30411,https://www.speedtest.net/result/c/08bae1b0-459f-41ad-8eef-605539b7b3e9
2026-08-10 02:41:23 EDT,2026-08-10T06:41:43Z,OK,229.8,182.5,9.1,1.3,0,25.4,160.1,en0,30411,https://www.speedtest.net/result/c/c9b46b9b-b25b-49ef-89d5-24f61a13b7ce
2026-08-10 03:11:45 EDT,2026-08-10T07:12:05Z,OK,289.0,171.2,19.9,0.7,0,24.7,167.5,en0,30411,https://www.speedtest.net/result/c/62725d10-9c7e-4439-bb4a-71f32bd46662
2026-08-10 03:42:07 EDT,2026-08-10T07:42:29Z,OK,207.5,179.9,9.9,1.0,0,30.2,157.0,en0,30411,https://www.speedtest.net/result/c/b98c8350-f6a6-462b-9406-f5b0687788f2
2026-08-10 04:12:31 EDT,2026-08-10T08:12:57Z,OK,267.9,183.5,10.0,1.6,0,35.0,176.3,en0,30411,https://www.speedtest.net/result/c/307f8f63-847d-4677-8166-6f8ccc1a3144
2026-08-10 04:58:22 EDT,2026-08-10T08:58:40Z,OK,268.8,165.7,19.7,0.9,0,28.9,415.3,en0,30411,https://www.speedtest.net/result/c/6d81c7e0-b49e-4949-8eb0-76aaffbc1501
2026-08-10 05:28:42 EDT,2026-08-10T09:29:02Z,OK,216.4,181.7,9.6,0.4,0,240.4,35.0,en0,30411,https://www.speedtest.net/result/c/ec167254-27dc-4465-b0a2-0d88a5664514
2026-08-10 05:59:34 EDT,2026-08-10T10:00:05Z,OK,241.7,162.9,28.5,50.1,0,145.6,769.0,en0,30411,https://www.speedtest.net/result/c/ec4f2a85-3fd8-43ef-b53f-b65953612ae6
2026-08-10 06:45:24 EDT,2026-08-10T10:45:45Z,OK,266.6,160.5,9.3,1.1,0,29.2,170.0,en0,30411,https://www.speedtest.net/result/c/cab98628-6fe4-46a7-96cd-e96af5678aad
2026-08-10 07:30:52 EDT,,FAILED,,,,,,,,,30411,
2026-08-10 08:00:53 EDT,,FAILED,,,,,,,,,30411,
2026-08-10 21:29:51 EDT,2026-08-11T01:30:08Z,OK,228.1,114.7,10.0,1.5,0,70.2,435.8,en0,30411,https://www.speedtest.net/result/c/e99c24a5-6725-42fc-b9f9-61d974f272cc
2026-08-10 22:00:10 EDT,2026-08-11T02:00:37Z,OK,283.3,127.0,11.5,4.0,0,56.5,429.9,en0,30411,https://www.speedtest.net/result/c/447fb66f-d586-42fd-a68e-a25bcf2d6651
2026-08-10 22:30:39 EDT,2026-08-11T02:30:52Z,OK,272.9,144.4,19.7,1.4,0,33.3,218.7,en0,30411,https://www.speedtest.net/result/c/fdf1bf22-1e58-47c9-9978-bd2ed9b2565e
2026-08-11 05:13:35 EDT,2026-08-11T09:13:55Z,OK,251.6,139.8,19.6,2.3,0,29.1,182.5,en0,30411,https://www.speedtest.net/result/c/29a1fd82-0bcb-4c56-b6e4-b1dfa041f3d2
2026-08-11 05:43:57 EDT,2026-08-11T09:44:20Z,OK,239.6,128.8,19.1,4.5,0,33.9,452.6,en0,30411,https://www.speedtest.net/result/c/323d827e-a045-416c-a010-89bea3b55bce
2026-08-11 06:14:22 EDT,2026-08-11T10:14:36Z,OK,235.4,120.2,11.4,2.7,0,60.1,59.7,en0,30411,https://www.speedtest.net/result/c/f73bddf0-e999-40dd-a6b8-642be2d0ad88
2026-08-11 06:44:38 EDT,2026-08-11T10:44:58Z,OK,213.5,137.8,10.0,1.1,0,27.7,423.9,en0,30411,https://www.speedtest.net/result/c/f9b68878-6b50-4972-8918-123e5eb31254
2026-08-11 07:26:09 EDT,,FAILED,,,,,,,,,30411,
2026-08-11 07:56:09 EDT,,FAILED,,,,,,,,,30411,
2026-08-11 16:22:38 EDT,,FAILED,,,,,,,,,30411,
2026-08-12 07:14:59 EDT,,FAILED,,,,,,,,,30411,
2026-08-12 18:09:10 EDT,,FAILED,,,,,,,,,30411,
2026-08-13 06:29:27 EDT,2026-08-13T10:29:45Z,OK,304.0,178.5,19.7,0.6,0,220.3,840.4,en0,30411,https://www.speedtest.net/result/c/d644b2c8-3fb4-4632-8fed-5f93009c30d5
2026-08-13 06:59:47 EDT,2026-08-13T11:00:02Z,OK,239.1,173.3,10.1,1.6,0,35.9,36.0,en0,30411,https://www.speedtest.net/result/c/46a61b7a-b259-4ee1-9b2c-25008017ab70
2026-08-13 07:30:04 EDT,2026-08-13T11:30:24Z,OK,310.7,188.5,20.0,2.0,2.380952380952381,202.8,864.2,en0,30411,https://www.speedtest.net/result/c/c1cf79d1-3b34-4237-a26b-249ff9051a69
2026-08-13 08:00:26 EDT,2026-08-13T12:00:46Z,OK,251.6,175.0,9.3,1.0,0,29.5,414.1,en0,30411,https://www.speedtest.net/result/c/add1e4e1-e4e7-49fc-8061-d610bbf53f3d
2026-08-13 08:30:48 EDT,2026-08-13T12:31:08Z,OK,243.4,167.1,9.3,1.5,0,36.3,442.6,en0,30411,https://www.speedtest.net/result/c/d44acfca-f498-4189-853e-34bc94af233b
2026-08-13 09:01:10 EDT,2026-08-13T13:01:30Z,OK,237.0,158.0,10.2,3.9,0,22.7,173.2,en0,30411,https://www.speedtest.net/result/c/a66d91ce-e1d3-474f-8ccf-167024661812
2026-08-13 10:46:34 EDT,2026-08-13T14:47:05Z,OK,208.0,150.7,19.8,1.7,0,103.0,432.6,en0,30411,https://www.speedtest.net/result/c/dc35b715-9d0b-4278-bddf-323a36dab754
2026-08-13 11:17:07 EDT,2026-08-13T15:17:29Z,OK,266.8,169.9,19.7,1.0,0,31.7,506.0,en0,30411,https://www.speedtest.net/result/c/6d9bec45-8381-4b4c-b088-77a5d3029403
2026-08-13 11:47:31 EDT,2026-08-13T15:47:51Z,OK,239.9,163.3,9.7,1.2,0,32.4,68.2,en0,30411,https://www.speedtest.net/result/c/cff9a70d-b217-4ecf-90b5-0fe206c8aaec
2026-08-13 13:12:53 EDT,2026-08-13T17:13:17Z,OK,176.9,126.0,17.8,4.7,0,137.1,419.5,en0,30411,https://www.speedtest.net/result/c/dd391748-8625-42ef-8377-efb6b4e27928
2026-08-13 13:43:18 EDT,2026-08-13T17:43:47Z,OK,301.0,170.4,20.2,1.1,0,25.1,168.7,en0,30411,https://www.speedtest.net/result/c/2cc881dc-ef1e-4115-a235-45552861188f
2026-08-13 14:13:49 EDT,2026-08-13T18:14:13Z,OK,233.3,173.0,12.7,6.3,0,31.1,46.2,en0,30411,https://www.speedtest.net/result/c/6ec75d2f-aa11-471a-b017-e64cda1f81c6
2026-08-13 14:44:15 EDT,2026-08-13T18:44:33Z,OK,187.4,155.3,9.5,1.0,0,50.6,411.7,en0,30411,https://www.speedtest.net/result/c/300cc4f3-c0a1-4c15-a709-f1d0f73c4344
2026-08-13 15:14:36 EDT,2026-08-13T19:14:57Z,OK,219.0,137.8,10.4,5.6,0,65.7,551.4,en0,30411,https://www.speedtest.net/result/c/978dd600-6c35-43de-b406-323d709545fd
2026-08-13 15:44:59 EDT,2026-08-13T19:45:20Z,OK,204.2,139.7,9.7,1.3,0,27.4,48.5,en0,30411,https://www.speedtest.net/result/c/db3e8388-2ea8-439a-82fb-4efaf88703a2
2026-08-13 16:15:22 EDT,2026-08-13T20:15:47Z,OK,238.0,150.0,10.0,1.0,0,256.8,434.9,en0,30411,https://www.speedtest.net/result/c/b46349f0-90d1-4225-a8e1-e89efa1f20cd
2026-08-13 16:45:49 EDT,2026-08-13T20:46:14Z,OK,120.2,150.4,15.9,6.5,0,82.6,83.5,en0,30411,https://www.speedtest.net/result/c/06c6b2ce-5390-4b05-ab1b-e15333ed6ea6
2026-08-13 17:16:16 EDT,2026-08-13T21:16:39Z,OK,255.0,59.1,10.0,1.5,0,31.1,213.3,en0,30411,https://www.speedtest.net/result/c/82faa2c7-0753-457e-941c-b5f241a3cd35
2026-08-13 17:46:41 EDT,2026-08-13T21:47:02Z,OK,198.9,147.4,10.0,1.2,0,41.1,163.3,en0,30411,https://www.speedtest.net/result/c/ef47787a-2b8b-4833-8531-1ab1a4b00b16
2026-08-13 18:17:04 EDT,2026-08-13T22:17:20Z,OK,242.6,142.9,9.3,1.5,0,19.5,449.2,en0,30411,https://www.speedtest.net/result/c/dab27076-8fc1-44eb-be5f-4cefce59e80d
2026-08-13 18:47:22 EDT,2026-08-13T22:47:43Z,OK,196.0,135.9,19.5,1.8,0,23.4,176.7,en0,30411,https://www.speedtest.net/result/c/52054b24-d493-4129-81fa-a9533af72875
2026-08-13 19:17:45 EDT,2026-08-13T23:18:07Z,OK,250.9,141.3,19.7,1.0,0,28.0,449.5,en0,30411,https://www.speedtest.net/result/c/9b8a96e4-7d3b-484b-a496-6bdf849413a6
2026-08-13 19:48:09 EDT,2026-08-13T23:48:30Z,OK,251.7,140.8,17.6,2.5,0,26.1,174.8,en0,30411,https://www.speedtest.net/result/c/a32bae6b-b97c-45cf-873f-c9a91cc4a4ed
2026-08-13 20:18:31 EDT,2026-08-14T00:18:48Z,OK,235.2,137.8,10.5,2.5,0,242.7,391.8,en0,30411,https://www.speedtest.net/result/c/d6bd88b9-6023-4468-86b8-47287514be08
2026-08-13 20:48:50 EDT,2026-08-14T00:49:08Z,OK,240.4,140.5,10.0,1.4,0,26.5,456.8,en0,30411,https://www.speedtest.net/result/c/e9931eba-1787-430a-90ed-415d97544193
2026-08-13 21:19:10 EDT,2026-08-14T01:19:30Z,OK,238.1,131.1,9.7,0.5,0,25.3,427.5,en0,30411,https://www.speedtest.net/result/c/7c1dc1fc-18dc-4747-b371-f77b62a10f7e
2026-08-13 21:49:32 EDT,2026-08-14T01:49:58Z,OK,195.9,142.3,10.0,1.7,0,25.8,387.6,en0,30411,https://www.speedtest.net/result/c/9976b3d0-43aa-4521-8b74-b5250adbada0
2026-08-13 22:20:00 EDT,2026-08-14T02:20:21Z,OK,251.2,155.7,10.0,2.4,0,65.1,511.7,en0,30411,https://www.speedtest.net/result/c/2bbf26ed-ab4a-408c-9e97-20397615e052
2026-08-13 22:50:22 EDT,2026-08-14T02:50:42Z,OK,225.6,154.7,9.8,2.1,0,27.2,196.0,en0,30411,https://www.speedtest.net/result/c/ec29d7cc-3559-4667-b474-8ce92d4626f5
2026-08-13 23:20:44 EDT,2026-08-14T03:21:05Z,OK,233.1,147.5,19.5,2.4,0,31.8,436.8,en0,30411,https://www.speedtest.net/result/c/5848163c-91ed-4dcc-b602-2069028355e5
2026-08-13 23:51:07 EDT,2026-08-14T03:51:23Z,OK,252.4,127.1,9.8,1.1,0,35.5,462.9,en0,30411,https://www.speedtest.net/result/c/8e9207d3-cab7-4b77-b907-da81ee30940c
2026-08-14 00:21:25 EDT,2026-08-14T04:21:52Z,OK,263.4,149.5,10.0,1.2,0,28.6,152.8,en0,30411,https://www.speedtest.net/result/c/94fae8f5-1235-494b-8a18-7406e9846e06
2026-08-14 00:51:54 EDT,2026-08-14T04:52:15Z,OK,255.2,151.3,10.0,1.7,0,188.2,450.2,en0,30411,https://www.speedtest.net/result/c/1e8cc4c0-3bb2-4b1b-a23a-c777d804d76f
2026-08-14 01:22:17 EDT,2026-08-14T05:22:37Z,OK,208.6,155.3,19.1,2.9,0,27.9,78.7,en0,30411,https://www.speedtest.net/result/c/36b4c598-1196-4f53-9c69-0df27e526058
2026-08-14 01:52:39 EDT,2026-08-14T05:52:57Z,OK,265.2,154.1,10.0,1.4,0,36.8,58.4,en0,30411,https://www.speedtest.net/result/c/7223248d-4b39-48c8-a3b7-067ac33855ac
2026-08-14 02:22:59 EDT,2026-08-14T06:23:19Z,OK,207.1,148.0,9.3,1.0,0,22.7,438.9,en0,30411,https://www.speedtest.net/result/c/1d772585-7363-40be-b346-716778b27152
2026-08-14 02:53:21 EDT,2026-08-14T06:53:42Z,OK,215.6,153.5,9.7,1.0,0,27.6,62.5,en0,30411,https://www.speedtest.net/result/c/a315bf76-31ed-4998-9305-27c25f8b34be
2026-08-14 03:23:44 EDT,2026-08-14T07:24:03Z,OK,222.1,148.5,19.6,0.8,0,22.1,191.9,en0,30411,https://www.speedtest.net/result/c/8d843e81-5d72-4b61-a30c-26b51bbe45c4
2026-08-14 03:54:05 EDT,2026-08-14T07:54:21Z,OK,282.8,149.0,10.0,1.0,0,38.6,416.5,en0,30411,https://www.speedtest.net/result/c/8dc2ca58-213e-4866-870a-9da9f1b18b6a
2026-08-14 04:24:23 EDT,2026-08-14T08:24:39Z,OK,282.5,153.7,19.3,2.9,0,24.4,147.0,en0,30411,https://www.speedtest.net/result/c/ee8462b3-acee-4fbe-8616-30eb52d907a4
2026-08-14 04:54:41 EDT,2026-08-14T08:54:59Z,OK,228.6,151.6,10.1,1.0,0,30.4,70.1,en0,30411,https://www.speedtest.net/result/c/36a6ea7d-d876-4fdc-9318-7a8dab10cb45
2026-08-14 05:25:01 EDT,2026-08-14T09:25:22Z,OK,249.1,159.9,10.0,1.5,0,32.0,68.8,en0,30411,https://www.speedtest.net/result/c/a32e0f8c-48e0-47e3-810c-6047c0706844
2026-08-14 05:55:24 EDT,2026-08-14T09:55:42Z,OK,167.0,150.3,10.0,0.8,0,103.9,194.6,en0,30411,https://www.speedtest.net/result/c/eba13479-c504-4c44-ae9a-82f85fab0bac
2026-08-14 06:25:44 EDT,2026-08-14T10:26:02Z,OK,218.0,149.5,13.1,4.0,0,32.2,190.4,en0,30411,https://www.speedtest.net/result/c/5f5e33e8-1abd-4806-ab02-27ac5b8c9103
2026-08-14 06:56:04 EDT,2026-08-14T10:56:29Z,OK,264.5,151.6,9.4,1.4,0,35.8,217.6,en0,30411,https://www.speedtest.net/result/c/56a23e25-66b3-48dc-a3ad-d082bdd5df51
2026-08-14 07:26:31 EDT,2026-08-14T11:26:51Z,OK,181.8,31.1,10.0,1.8,0,107.4,652.8,en0,30411,https://www.speedtest.net/result/c/17dcf2fe-0abf-4220-b4aa-89f5f312249e
2026-08-14 07:56:53 EDT,2026-08-14T11:57:14Z,OK,282.9,144.5,9.7,1.3,0,74.7,186.5,en0,30411,https://www.speedtest.net/result/c/e9c978d6-27af-4ca0-af28-85efec3b63d5
2026-08-14 08:27:16 EDT,2026-08-14T12:27:30Z,OK,237.2,148.7,16.0,2.3,0,20.1,440.0,en0,30411,https://www.speedtest.net/result/c/62152c8c-18f5-4b12-87f8-20d6307d0c39
2026-08-14 08:57:32 EDT,2026-08-14T12:57:46Z,OK,255.7,143.7,10.0,1.4,0,28.7,157.3,en0,30411,https://www.speedtest.net/result/c/4f5166ed-7edb-4089-8676-806bb8ed1a9d
2026-08-14 09:27:48 EDT,2026-08-14T13:28:06Z,OK,246.7,104.8,10.3,4.9,0,46.9,195.7,en0,30411,https://www.speedtest.net/result/c/1a1fea2b-eeb0-4842-8d91-862aea83efd6
2026-08-14 09:58:08 EDT,2026-08-14T13:58:34Z,OK,225.0,158.2,12.8,1.9,0,33.9,172.8,en0,30411,https://www.speedtest.net/result/c/1a95c9fe-e733-42ae-829e-8d1372028786
2026-08-14 10:28:36 EDT,2026-08-14T14:28:52Z,OK,242.2,155.1,10.0,4.2,0,30.7,40.7,en0,30411,https://www.speedtest.net/result/c/6d4b82f6-1529-4029-8c36-4087a4a31a25
2026-08-14 10:58:54 EDT,2026-08-14T14:59:09Z,OK,248.8,180.6,19.7,3.0,0,27.7,43.8,en0,30411,https://www.speedtest.net/result/c/b80085af-b0db-4e05-a634-7342d2fb1c1d
2026-08-14 11:40:22 EDT,2026-08-14T15:40:44Z,OK,253.7,167.8,9.3,1.5,0,36.4,406.6,en0,30411,https://www.speedtest.net/result/c/2642e798-6cb4-455a-b907-a76972f248c1
2026-08-14 12:10:46 EDT,2026-08-14T16:11:12Z,OK,222.9,79.3,18.9,5.8,0,40.8,202.6,en0,30411,https://www.speedtest.net/result/c/f7f60619-1e69-4ff9-b3ef-2cce72e24422
2026-08-14 12:41:13 EDT,2026-08-14T16:41:35Z,OK,225.1,147.5,10.0,1.7,0,30.1,164.9,en0,30411,https://www.speedtest.net/result/c/57763601-05ae-46be-8542-1ed3cbf5dca9
2026-08-14 13:11:37 EDT,2026-08-14T17:12:01Z,OK,215.3,151.9,10.0,1.1,0,34.6,197.0,en0,30411,https://www.speedtest.net/result/c/a6a7cac8-06de-4e0d-b0dc-be1cebdb0f81
2026-08-14 14:24:21 EDT,2026-08-14T18:24:39Z,OK,231.8,147.7,10.0,1.3,0,22.0,465.3,en0,30411,https://www.speedtest.net/result/c/eca9c8fa-8c4c-4b77-8ddb-b607b8431367
2026-08-14 14:54:41 EDT,2026-08-14T18:54:58Z,OK,223.5,152.9,9.9,2.0,0,31.5,171.9,en0,30411,https://www.speedtest.net/result/c/c328175c-3d7f-487d-aa36-c7f85808d3a0
2026-08-14 15:25:00 EDT,2026-08-14T19:25:17Z,OK,266.5,167.6,10.0,1.5,0,38.5,169.2,en0,30411,https://www.speedtest.net/result/c/e22854c3-e3b8-45fb-84e3-9b94d53f1dde
2026-08-14 15:55:20 EDT,2026-08-14T19:55:45Z,OK,261.3,173.0,9.4,1.2,0,29.9,148.8,en0,30411,https://www.speedtest.net/result/c/55bc3ac7-9d4c-4003-9a4a-09b863536bfe
2026-08-14 16:25:47 EDT,2026-08-14T20:26:06Z,OK,253.2,177.3,10.1,1.8,0,22.9,408.4,en0,30411,https://www.speedtest.net/result/c/80a8f3ca-97ae-41d9-ae80-316f1c470f0d
2026-08-14 16:56:08 EDT,2026-08-14T20:56:27Z,OK,253.1,142.6,12.7,3.5,0,26.5,406.1,en0,30411,https://www.speedtest.net/result/c/eed402da-7f5b-43b9-bc2d-d2758c830645
2026-08-14 17:26:29 EDT,2026-08-14T21:26:51Z,OK,251.9,175.0,9.7,1.4,0,23.9,156.2,en0,30411,https://www.speedtest.net/result/c/c95818ab-4952-4161-a224-0f8106a86e52
2026-08-14 17:56:53 EDT,2026-08-14T21:57:14Z,OK,198.4,103.6,19.0,5.1,0,34.5,551.5,en0,30411,https://www.speedtest.net/result/c/3cd4c8e2-b3d3-4dd8-bf7b-5d09b135c74f
2026-08-15 06:28:51 EDT,,FAILED,,,,,,,,,30411,
2026-08-15 17:43:02 EDT,2026-08-15T21:43:35Z,OK,134.8,19.5,10.0,33.9,0,837.3,868.1,en0,30411,https://www.speedtest.net/result/c/da5f30bd-1c48-42bf-8ebd-4dd2df031346
2026-08-15 21:44:50 EDT,2026-08-16T01:45:14Z,OK,199.9,173.6,9.3,1.4,0,21.8,406.3,en0,30411,https://www.speedtest.net/result/c/37c90095-243b-49ac-8d1f-1fb9b20fa886
2026-08-15 22:15:16 EDT,2026-08-16T02:15:42Z,OK,256.5,117.2,19.7,1.1,0,85.4,528.0,en0,30411,https://www.speedtest.net/result/c/27d945c9-558b-48fe-8d9b-b57ae50c80d2
2026-08-16 16:20:39 EDT,2026-08-16T20:20:53Z,OK,278.8,170.8,16.3,7.8,0,34.3,43.3,en0,30411,https://www.speedtest.net/result/c/b9930f42-f01e-4307-9302-e31bb5c40db8
2026-08-16 20:02:49 EDT,2026-08-17T00:03:05Z,OK,253.9,150.2,10.0,1.0,0,31.2,426.6,en0,30411,https://www.speedtest.net/result/c/c10a846d-ea75-4a2f-95be-156d76f8161f
2026-08-16 20:33:06 EDT,2026-08-17T00:33:23Z,OK,228.6,184.3,19.1,4.6,0,246.0,436.3,en0,30411,https://www.speedtest.net/result/c/548bc255-233c-4e6f-bfb6-467cd8faf973
2026-08-16 21:03:24 EDT,2026-08-17T01:03:42Z,OK,183.9,176.5,10.0,1.0,0,30.9,165.6,en0,30411,https://www.speedtest.net/result/c/14a66166-b3a8-43ff-9bcd-285d24fbc2d6
2026-08-16 21:33:44 EDT,2026-08-17T01:34:06Z,OK,228.3,161.0,13.0,3.5,0,40.6,387.4,en0,30411,https://www.speedtest.net/result/c/ef4b2b8d-9001-4477-81c2-135eeb0533ad
2026-08-16 22:04:08 EDT,2026-08-17T02:04:29Z,OK,270.2,180.5,9.3,1.0,0,35.2,383.6,en0,30411,https://www.speedtest.net/result/c/d216bb67-d4b3-4f10-b6ee-013078260960
2026-08-16 22:34:31 EDT,2026-08-17T02:34:48Z,OK,258.0,168.1,9.9,1.4,0,29.5,162.2,en0,30411,https://www.speedtest.net/result/c/c6ce70f8-7e63-489b-a321-89063fa55d2a
2026-08-16 23:04:50 EDT,2026-08-17T03:05:04Z,OK,248.5,180.6,10.0,0.9,0,396.6,448.8,en0,30411,https://www.speedtest.net/result/c/6e91bdfe-5278-4101-a174-2cb4eec40524
2026-08-16 23:35:05 EDT,2026-08-17T03:35:29Z,OK,255.1,125.8,19.7,1.1,0,104.9,341.2,en0,30411,https://www.speedtest.net/result/c/7e82e27e-aae5-4789-a383-159cf040b108
2026-08-17 00:05:31 EDT,2026-08-17T04:05:50Z,OK,290.5,183.2,9.2,1.3,0,30.6,48.3,en0,30411,https://www.speedtest.net/result/c/19c89543-5a25-44c1-a7ab-71766c59743c
2026-08-17 00:35:52 EDT,2026-08-17T04:36:07Z,OK,233.1,174.5,19.6,1.6,0,25.6,180.4,en0,30411,https://www.speedtest.net/result/c/f0981c1d-89e7-419a-9d85-68ae932d90fd
2026-08-17 05:38:23 EDT,2026-08-17T09:38:45Z,OK,201.9,175.0,20.0,2.4,0,63.8,462.7,en0,30411,https://www.speedtest.net/result/c/51896367-f6d8-4ca1-8621-07b19bd03e9f
2026-08-17 06:08:47 EDT,2026-08-17T10:09:14Z,OK,249.6,117.8,9.9,1.4,0,44.5,543.4,en0,30411,https://www.speedtest.net/result/c/5ab254c0-8af4-40f5-87ab-c6cbe04ed174
2026-08-17 06:48:28 EDT,2026-08-17T10:48:57Z,OK,195.2,172.8,19.2,2.7,0,270.9,192.9,en0,30411,https://www.speedtest.net/result/c/f465c2dc-8957-4d22-8dc5-bd1b40338a0a
2026-08-17 08:49:53 EDT,,FAILED,,,,,,,,,30411,
2026-08-17 09:25:22 EDT,,FAILED,,,,,,,,,30411,
2026-08-17 09:55:23 EDT,,FAILED,,,,,,,,,30411,
2026-08-17 10:59:40 EDT,,FAILED,,,,,,,,,30411,
2026-08-17 11:29:40 EDT,,FAILED,,,,,,,,,30411,
2026-08-17 13:18:16 EDT,,FAILED,,,,,,,,,30411,
2026-08-17 14:54:49 EDT,,FAILED,,,,,,,,,30411,
2026-08-17 15:24:49 EDT,,FAILED,,,,,,,,,30411,
2026-08-17 15:54:50 EDT,,FAILED,,,,,,,,,30411,
2026-08-17 18:43:18 EDT,2026-08-17T22:43:37Z,OK,225.6,132.5,9.1,1.3,0,24.7,146.1,en0,30411,https://www.speedtest.net/result/c/4f4bb5d7-5c00-49ce-a07f-705aa412a3b0
2026-08-17 19:13:39 EDT,2026-08-17T23:13:55Z,OK,211.0,133.1,9.1,1.3,0,27.7,46.7,en0,30411,https://www.speedtest.net/result/c/b4b70338-2050-4f47-9b33-1d5bed3746a9
2026-08-17 20:49:46 EDT,2026-08-18T00:50:14Z,OK,196.6,111.0,9.6,1.0,0,40.5,281.5,en0,30411,https://www.speedtest.net/result/c/3a319668-5dde-427f-b56b-ef7e81a9a640
2026-08-17 21:20:16 EDT,2026-08-18T01:20:37Z,OK,250.1,112.3,10.0,1.1,0,39.9,179.5,en0,30411,https://www.speedtest.net/result/c/68f0c856-15ac-4251-aae6-269da2864ba9
2026-08-17 21:50:39 EDT,2026-08-18T01:51:05Z,OK,225.0,127.1,9.3,1.0,0,37.1,456.0,en0,30411,https://www.speedtest.net/result/c/a2ab3d8c-5eb9-4959-998a-9bc0ce71fae1
2026-08-17 22:21:07 EDT,2026-08-18T02:21:30Z,OK,251.9,128.6,16.4,4.5,0,163.7,471.1,en0,30411,https://www.speedtest.net/result/c/5f78c263-cdc5-4b6a-b0ff-c8c779377c7e
2026-08-17 22:51:32 EDT,2026-08-18T02:52:03Z,OK,237.3,103.8,9.9,0.7,0,342.5,532.8,en0,30411,https://www.speedtest.net/result/c/a399528e-54a5-4383-b85a-5120f59bc1a4
2026-08-18 00:35:59 EDT,2026-08-18T04:36:20Z,OK,221.8,100.7,16.3,5.7,0,33.8,656.9,en0,30411,https://www.speedtest.net/result/c/23d33668-37fc-49e6-a21e-6798cdc32fff
2026-08-18 06:00:52 EDT,2026-08-18T10:01:18Z,OK,249.5,133.4,18.5,6.1,0,58.7,405.7,en0,30411,https://www.speedtest.net/result/c/7ea3b12e-6b08-47e8-a914-9a4a252c71a8
2026-08-18 06:31:20 EDT,2026-08-18T10:31:49Z,OK,245.3,123.8,19.2,2.8,0,191.7,581.8,en0,30411,https://www.speedtest.net/result/c/27a0b551-fd7a-4316-a7ab-652f9b63894b
2026-08-18 07:01:51 EDT,2026-08-18T11:02:16Z,OK,166.9,125.9,10.0,1.5,0,164.2,533.2,en0,30411,https://www.speedtest.net/result/c/d96d39c5-9523-43bc-9f25-232219be2109
2026-08-18 07:32:18 EDT,2026-08-18T11:32:39Z,OK,241.1,131.5,11.2,2.4,0,39.7,182.3,en0,30411,https://www.speedtest.net/result/c/4074a332-ac0d-4e0d-9cec-b6d4e14b0b22
2026-08-18 08:12:54 EDT,2026-08-18T12:13:16Z,OK,176.3,75.4,9.3,1.0,0,71.6,632.9,en0,30411,https://www.speedtest.net/result/c/6f1f72ce-8087-4e93-9a83-cbd568886ca0
2026-08-18 09:40:55 EDT,2026-08-18T13:41:16Z,OK,230.6,141.2,9.8,1.6,0,426.6,455.0,en0,30411,https://www.speedtest.net/result/c/9dc9a305-7e43-4d73-a8ce-c83bad1ee9f4
2026-08-18 10:11:18 EDT,2026-08-18T14:11:37Z,OK,213.5,147.2,9.4,1.0,0,107.2,526.9,en0,30411,https://www.speedtest.net/result/c/d5b49dd8-7b75-429f-adbc-a3206c188807
2026-08-18 10:41:39 EDT,2026-08-18T14:41:58Z,OK,247.4,62.7,9.9,1.4,0,31.1,488.2,en0,30411,https://www.speedtest.net/result/c/cd541e16-21ab-4503-89c2-accd136cf7d8
2026-08-18 11:12:01 EDT,2026-08-18T15:12:20Z,OK,240.4,143.2,19.2,2.9,0,38.9,478.7,en0,30411,https://www.speedtest.net/result/c/c2b54a00-c45d-440a-8c88-6a455a288b47
2026-08-18 11:42:22 EDT,2026-08-18T15:42:41Z,OK,252.3,138.3,19.6,1.7,0,23.6,454.4,en0,30411,https://www.speedtest.net/result/c/e2229b9b-bbe5-4140-bfc0-741b3dfc9e7d
2026-08-18 12:12:43 EDT,2026-08-18T16:13:05Z,OK,279.3,107.1,19.0,4.5,0,31.6,201.6,en0,30411,https://www.speedtest.net/result/c/5cf53844-d2c2-4110-91d3-b44f67a4bee8
2026-08-18 14:56:48 EDT,2026-08-18T18:57:08Z,OK,257.1,137.3,9.7,1.4,0,33.6,397.4,en0,30411,https://www.speedtest.net/result/c/d5293a9a-3160-4663-a3d3-8805cb30cd13
2026-08-18 16:08:34 EDT,2026-08-18T20:08:51Z,OK,238.7,127.4,18.8,1.5,0,43.0,455.8,en0,30411,https://www.speedtest.net/result/c/d56c8e35-3e4b-4d97-98b7-870cc7c73aba
2026-08-18 16:38:55 EDT,2026-08-18T20:39:18Z,OK,204.7,137.0,9.6,2.1,0,42.2,153.0,en0,30411,https://www.speedtest.net/result/c/5b99e3e8-5431-409c-a02c-0eac4d69bf1c
2026-08-18 17:09:20 EDT,2026-08-18T21:09:38Z,OK,250.6,112.3,20.0,0.6,0,34.6,422.9,en0,30411,https://www.speedtest.net/result/c/71f6c6e7-b93c-4c8a-bf6a-d56da959ff09
2026-08-18 17:39:39 EDT,2026-08-18T21:39:53Z,OK,240.8,102.6,10.0,1.3,0,204.6,205.4,en0,30411,https://www.speedtest.net/result/c/0e74a981-b46e-4838-8d88-a0e6e75cb6c8
2026-08-18 18:09:55 EDT,2026-08-18T22:10:11Z,OK,276.3,99.3,19.7,0.9,0,35.5,202.6,en0,30411,https://www.speedtest.net/result/c/0e90aba9-8393-46f4-916c-e31798090835
2026-08-18 18:40:13 EDT,2026-08-18T22:40:38Z,OK,210.9,136.3,10.0,1.8,0,31.4,77.4,en0,30411,https://www.speedtest.net/result/c/753a3c97-1f15-444a-82ce-fe70e1777451
2026-08-18 21:02:16 EDT,2026-08-19T01:02:31Z,OK,256.7,136.8,18.1,5.4,0,233.2,422.6,en0,30411,https://www.speedtest.net/result/c/a3cc696a-504a-4bb5-aa4c-122288bf59ef
2026-08-18 21:32:33 EDT,2026-08-19T01:33:00Z,OK,256.6,127.3,19.4,1.2,0,158.6,454.1,en0,30411,https://www.speedtest.net/result/c/18e80889-2616-4ed9-b6bb-ab9d9962b230
2026-08-18 22:03:01 EDT,2026-08-19T02:03:29Z,OK,197.8,59.3,19.7,5.3,0,38.0,1021.1,en0,30411,https://www.speedtest.net/result/c/df5f406d-2df8-4fe3-93bb-0d5437d1c5a1
2026-08-19 04:38:05 EDT,2026-08-19T08:38:34Z,OK,184.4,242.5,20.0,2.2,0,287.5,153.2,en0,30411,https://www.speedtest.net/result/c/4f5ceaf4-0443-46bc-8384-197c77ccfd7c
2026-08-19 08:19:56 EDT,,FAILED,,,,,,,,,30411,
2026-08-19 10:10:49 EDT,,FAILED,,,,,,,,,30411,
2026-08-19 10:40:50 EDT,,FAILED,,,,,,,,,30411,
2026-08-19 11:10:52 EDT,,FAILED,,,,,,,,,30411,
2026-08-19 11:40:53 EDT,,FAILED,,,,,,,,,30411,
2026-08-20 05:15:38 EDT,,FAILED,,,,,,,,,30411,
2026-08-20 05:45:39 EDT,,FAILED,,,,,,,,,30411,
2026-08-20 06:45:37 EDT,,FAILED,,,,,,,,,30411,
2026-08-20 07:15:37 EDT,,FAILED,,,,,,,,,30411,
2026-08-20 08:54:31 EDT,,FAILED,,,,,,,,,30411,
2026-08-20 09:24:31 EDT,,FAILED,,,,,,,,,30411,
2026-08-20 09:54:32 EDT,,FAILED,,,,,,,,,30411,
2026-08-20 11:47:15 EDT,,FAILED,,,,,,,,,30411,
2026-08-20 14:19:56 EDT,,FAILED,,,,,,,,,30411,
2026-08-20 17:20:21 EDT,,FAILED,,,,,,,,,30411,
2026-08-20 19:39:21 EDT,,FAILED,,,,,,,,,30411,
2026-08-20 21:49:50 EDT,,FAILED,,,,,,,,,30411,
2026-08-20 22:27:38 EDT,,FAILED,,,,,,,,,30411,
2026-08-21 06:00:03 EDT,,FAILED,,,,,,,,,30411,
2026-08-21 09:47:43 EDT,,FAILED,,,,,,,,,30411,
2026-08-21 13:20:11 EDT,,FAILED,,,,,,,,,30411,
2026-08-21 16:42:07 EDT,,FAILED,,,,,,,,,30411,
2026-08-21 19:59:01 EDT,,FAILED,,,,,,,,,30411,
2026-08-21 21:37:49 EDT,,FAILED,,,,,,,,,30411,
2026-08-22 01:30:59 EDT,,FAILED,,,,,,,,,30411,
2026-08-22 06:38:47 EDT,,FAILED,,,,,,,,,30411,
2026-08-22 12:44:20 EDT,,FAILED,,,,,,,,,30411,
2026-08-22 13:50:01 EDT,,FAILED,,,,,,,,,30411,
2026-08-22 14:20:03 EDT,,FAILED,,,,,,,,,30411,
2026-08-22 14:51:48 EDT,,FAILED,,,,,,,,,30411,
2026-08-22 18:11:03 EDT,2026-08-22T22:11:33Z,OK,203.4,127.1,19.9,0.9,0,247.4,875.2,en0,30411,https://www.speedtest.net/result/c/3f057e55-71ff-4c93-9559-b66ca9585658
2026-08-22 18:41:35 EDT,2026-08-22T22:41:59Z,OK,250.1,122.0,19.4,1.4,0,42.1,422.2,en0,30411,https://www.speedtest.net/result/c/50d47ca6-92ae-4b00-95ab-6f6123f21511
2026-08-22 19:40:27 EDT,,FAILED,,,,,,,,,30411,
2026-08-23 07:12:33 EDT,2026-08-23T11:13:05Z,OK,155.4,35.9,11.6,6.5,0,326.0,375.3,en0,30411,https://www.speedtest.net/result/c/083b5de5-ab01-4fc6-b86f-3e0ca929fe3b
2026-08-23 07:52:28 EDT,2026-08-23T11:52:47Z,OK,234.2,141.0,10.0,1.5,0,216.7,418.8,en0,30411,https://www.speedtest.net/result/c/25564c74-b5e1-4faf-91e2-2837e8f7a522
2026-08-23 08:22:49 EDT,2026-08-23T12:23:10Z,OK,232.2,106.3,17.7,9.1,0,67.0,46.9,en0,30411,https://www.speedtest.net/result/c/90a06fee-b2c6-4fe7-a877-da1634436c62
2026-08-23 09:56:58 EDT,2026-08-23T13:57:14Z,OK,305.7,263.2,19.7,2.5,0,47.0,50.9,en0,30411,https://www.speedtest.net/result/c/e5c10ce4-9f87-4521-8867-ae1fa1cc07ca
2026-08-23 13:06:16 EDT,2026-08-23T17:06:39Z,OK,296.5,213.0,11.1,4.6,0,45.4,427.8,en0,30411,https://www.speedtest.net/result/c/c5e293e3-7708-464c-97a3-2998ad35ed61
2026-08-23 13:36:41 EDT,2026-08-23T17:37:11Z,OK,287.6,125.6,39.8,13.4,0,258.4,472.2,en0,30411,https://www.speedtest.net/result/c/7330245a-63ae-4310-9202-c293264b2453
2026-08-23 14:07:12 EDT,2026-08-23T18:07:33Z,OK,260.0,144.6,19.7,3.1,1.0869565217391304,228.0,412.1,en0,30411,https://www.speedtest.net/result/c/786b0b96-8681-4fc8-8779-7fb5f41a4779
2026-08-23 14:37:35 EDT,2026-08-23T18:38:00Z,OK,240.2,143.2,10.0,2.0,0,52.5,156.6,en0,30411,https://www.speedtest.net/result/c/52f4bcff-98dd-409d-9dbb-7fd9cceeafed
2026-08-23 15:08:02 EDT,2026-08-23T19:08:22Z,OK,280.2,283.1,19.7,1.1,0,43.4,385.2,en0,30411,https://www.speedtest.net/result/c/9e008976-745f-4cb9-8e15-5cc2e16a65ac
2026-08-23 15:38:24 EDT,2026-08-23T19:38:39Z,OK,267.2,151.5,9.7,0.4,0,21.9,434.5,en0,30411,https://www.speedtest.net/result/c/866cac77-ea43-4313-926f-2a97b6877b0a
2026-08-23 16:08:41 EDT,2026-08-23T20:08:57Z,OK,279.7,140.4,11.7,0.8,0,34.3,168.3,en0,30411,https://www.speedtest.net/result/c/333382ec-a825-4d3c-830b-01a694d0997e
2026-08-23 16:38:59 EDT,2026-08-23T20:39:18Z,OK,252.9,143.3,19.6,1.0,0,32.0,184.6,en0,30411,https://www.speedtest.net/result/c/111398f0-0718-4c16-b029-ddd9b6617908
2026-08-23 17:09:20 EDT,2026-08-23T21:09:41Z,OK,240.5,101.4,9.4,2.8,0,33.1,499.1,en0,30411,https://www.speedtest.net/result/c/5da87e18-952f-4a13-a350-54ab6b9c53ae
2026-08-23 17:39:43 EDT,2026-08-23T21:40:00Z,OK,205.7,98.8,10.7,4.0,0,35.9,175.4,en0,30411,https://www.speedtest.net/result/c/4a6bd6f9-c890-417c-873a-e5ca0fcfa48e
2026-08-23 18:10:02 EDT,2026-08-23T22:10:22Z,OK,242.8,104.0,9.3,1.3,0,32.2,75.7,en0,30411,https://www.speedtest.net/result/c/6b2bbd6c-12cd-4cfe-a979-2f2785116ae0
2026-08-23 18:40:23 EDT,2026-08-23T22:40:43Z,OK,257.9,108.4,9.7,1.0,0,36.1,203.8,en0,30411,https://www.speedtest.net/result/c/94b71046-9797-44da-8a7e-b63b8ef9a6a3
2026-08-23 19:10:45 EDT,2026-08-23T23:11:03Z,OK,256.6,112.4,11.5,2.5,0,34.4,177.0,en0,30411,https://www.speedtest.net/result/c/ea257d94-4682-4503-bbd1-fedd383fe3c8
2026-08-23 19:41:05 EDT,2026-08-23T23:41:24Z,OK,232.9,114.4,19.8,1.3,0,31.9,428.3,en0,30411,https://www.speedtest.net/result/c/4d929c1e-8f21-4747-8798-587787814f6f
2026-08-23 20:11:26 EDT,2026-08-24T00:11:47Z,OK,253.8,142.7,19.7,0.8,0,45.9,524.0,en0,30411,https://www.speedtest.net/result/c/5196c44a-e14d-4bea-9e81-7eaf89fbcd4c
2026-08-23 20:41:49 EDT,2026-08-24T00:42:04Z,OK,265.3,138.8,9.3,1.0,0,239.8,458.6,en0,30411,https://www.speedtest.net/result/c/3719c5b8-f472-4a94-a3c7-5c3a9b728574
2026-08-23 21:12:05 EDT,2026-08-24T01:12:23Z,OK,257.1,137.9,10.1,1.3,0,255.3,80.6,en0,30411,https://www.speedtest.net/result/c/5801486e-65ce-4d2b-9aa6-d65605c5de8f
2026-08-23 21:42:24 EDT,2026-08-24T01:42:52Z,OK,200.7,125.9,10.0,1.0,0,252.5,185.8,en0,30411,https://www.speedtest.net/result/c/60a264a3-88ba-462e-989b-8bd2d1cb2a45
2026-08-23 22:12:54 EDT,2026-08-24T02:13:19Z,OK,232.1,123.7,13.0,2.7,0,27.8,415.0,en0,30411,https://www.speedtest.net/result/c/cfe89836-1ccf-42a6-8f83-75a172f34c43
2026-08-23 22:43:20 EDT,2026-08-24T02:43:46Z,OK,218.1,122.1,9.9,0.6,0,37.0,168.8,en0,30411,https://www.speedtest.net/result/c/62c0e2d1-815b-4715-b87f-189200101c15
2026-08-23 23:13:48 EDT,2026-08-24T03:14:05Z,OK,278.5,122.1,20.1,3.2,0,41.1,174.6,en0,30411,https://www.speedtest.net/result/c/afb45e1c-72c7-4a64-84a8-5ae085d55ef0
2026-08-23 23:44:06 EDT,2026-08-24T03:44:27Z,OK,176.3,126.9,20.0,0.8,0,19.6,133.2,en0,30411,https://www.speedtest.net/result/c/b348e7c1-57c9-4ddf-8859-da4a35293a1e
2026-08-24 00:14:29 EDT,2026-08-24T04:14:44Z,OK,244.2,127.6,9.2,1.5,0,31.7,169.1,en0,30411,https://www.speedtest.net/result/c/15f0ec42-2330-4809-8177-9b8f296b75a7
2026-08-24 00:44:46 EDT,2026-08-24T04:45:07Z,OK,255.6,128.0,20.0,2.0,0,41.8,205.1,en0,30411,https://www.speedtest.net/result/c/968a1c3d-428d-41f5-a49e-98390fa4c7cb
2026-08-24 01:15:09 EDT,2026-08-24T05:15:26Z,OK,278.3,128.0,19.7,0.9,0,37.8,43.9,en0,30411,https://www.speedtest.net/result/c/9db2989e-4141-4382-9705-c0809dfd218a
2026-08-24 01:45:28 EDT,2026-08-24T05:45:43Z,OK,274.5,126.5,19.5,2.5,0,28.1,77.4,en0,30411,https://www.speedtest.net/result/c/cd2feadd-596b-4bf1-88e5-70003e1f88fd
2026-08-24 02:15:45 EDT,2026-08-24T06:16:00Z,OK,214.7,121.8,9.7,1.5,0,29.6,179.8,en0,30411,https://www.speedtest.net/result/c/35d99af7-4d2c-47e2-ae22-e3f0ba423856
2026-08-24 02:46:02 EDT,2026-08-24T06:46:19Z,OK,269.3,131.1,9.7,2.2,0,25.5,179.8,en0,30411,https://www.speedtest.net/result/c/99280187-f488-43dd-9872-d9585f380281
2026-08-24 03:16:21 EDT,2026-08-24T07:16:43Z,OK,272.1,129.7,9.3,1.0,0,36.0,174.6,en0,30411,https://www.speedtest.net/result/c/2d4ddba6-d7ba-4664-9f83-bc39a292e7a5
2026-08-24 03:46:45 EDT,2026-08-24T07:47:12Z,OK,233.2,62.9,13.6,1.5,0,39.0,360.4,en0,30411,https://www.speedtest.net/result/c/8b2c2f35-e66a-4f12-9446-a50b4c9816f5
2026-08-24 04:17:14 EDT,2026-08-24T08:17:35Z,OK,216.6,132.5,10.0,1.5,0,28.6,43.3,en0,30411,https://www.speedtest.net/result/c/19677288-3103-4442-8a53-4d9949461db2
2026-08-24 04:47:37 EDT,2026-08-24T08:48:05Z,OK,165.8,136.9,10.1,0.9,0,112.6,468.7,en0,30411,https://www.speedtest.net/result/c/5d21dd76-dd84-4a95-942b-a6f8ac83a9ed
2026-08-24 05:18:07 EDT,2026-08-24T09:18:25Z,OK,270.6,145.5,19.8,1.5,0,32.4,492.3,en0,30411,https://www.speedtest.net/result/c/ecba368c-c534-4a74-a5af-73c9ec817749
2026-08-24 05:48:27 EDT,2026-08-24T09:48:50Z,OK,225.8,110.2,19.4,1.3,0,43.5,792.5,en0,30411,https://www.speedtest.net/result/c/074230fd-f1c8-41a7-9252-b1d4287fdd5a
2026-08-24 06:18:52 EDT,2026-08-24T10:19:12Z,OK,224.9,136.1,10.0,1.5,1.36986301369863,49.8,415.4,en0,30411,https://www.speedtest.net/result/c/86fc6dc1-7fb2-4225-9e4e-8e215d21c486
2026-08-24 06:49:14 EDT,2026-08-24T10:49:26Z,OK,235.3,124.9,10.0,0.9,0,31.1,686.8,en0,30411,https://www.speedtest.net/result/c/e1f7a689-97e1-4ebc-bccb-8cc7b9e0cc8f
2026-08-24 07:36:21 EDT,,FAILED,,,,,,,,,30411,
2026-08-24 08:06:22 EDT,,FAILED,,,,,,,,,30411,
2026-08-24 10:36:49 EDT,,FAILED,,,,,,,,,30411,
2026-08-24 12:30:34 EDT,,FAILED,,,,,,,,,30411,
2026-08-24 13:25:09 EDT,,FAILED,,,,,,,,,30411,
2026-08-24 13:55:09 EDT,,FAILED,,,,,,,,,30411,
2026-08-24 14:25:09 EDT,,FAILED,,,,,,,,,30411,
2026-08-24 14:55:10 EDT,,FAILED,,,,,,,,,30411,
2026-08-24 15:42:17 EDT,,FAILED,,,,,,,,,30411,
2026-08-24 16:46:09 EDT,,FAILED,,,,,,,,,30411,
2026-08-24 21:20:36 EDT,2026-08-25T01:21:02Z,OK,98.1,30.8,16.8,4.9,0.7142857142857143,369.8,847.4,en0,30411,https://www.speedtest.net/result/c/86c4a1e2-2311-4520-89da-2544643cb46f
2026-08-24 21:51:03 EDT,2026-08-25T01:51:21Z,OK,247.2,113.7,9.7,1.0,0,28.4,67.5,en0,30411,https://www.speedtest.net/result/c/45ec9f8c-0619-4236-b165-e6487c5d7d49
2026-08-24 22:21:23 EDT,2026-08-25T02:21:43Z,OK,258.8,120.6,19.2,4.7,0,32.1,427.3,en0,30411,https://www.speedtest.net/result/c/abf24bf3-45c4-47a3-ae1a-7436f024a57a
2026-08-25 06:57:01 EDT,2026-08-25T10:57:19Z,OK,220.3,97.6,9.6,1.5,0,27.5,449.7,en0,30411,https://www.speedtest.net/result/c/c02f2386-e572-47b4-b799-8a11cda13952
2026-08-25 07:27:21 EDT,2026-08-25T11:27:40Z,OK,234.0,109.8,9.7,3.8,0,38.5,436.7,en0,30411,https://www.speedtest.net/result/c/29d2a19b-6dad-4809-8bc7-944257002307
2026-08-25 07:57:42 EDT,2026-08-25T11:57:59Z,OK,231.3,131.5,9.6,0.9,0,37.0,476.7,en0,30411,https://www.speedtest.net/result/c/9f6cceeb-7b38-47ad-b24c-28e4ca2bb4af
2026-08-25 08:28:01 EDT,2026-08-25T12:28:25Z,OK,235.6,130.6,20.2,2.2,0,186.5,330.9,en0,30411,https://www.speedtest.net/result/c/8035d0f0-0ed1-45a3-9dee-2d255ce3a289
2026-08-25 09:22:56 EDT,2026-08-25T13:23:12Z,OK,220.5,96.1,9.3,1.0,0,47.2,839.4,en0,30411,https://www.speedtest.net/result/c/1beae4d4-fd8a-43f9-adaa-a571b2f19a79
2026-08-25 09:53:14 EDT,2026-08-25T13:53:38Z,OK,252.5,73.4,9.3,1.1,0,252.9,448.0,en0,30411,https://www.speedtest.net/result/c/26d59be6-fe47-47ff-a5fc-c5406078cdbc
2026-08-25 10:23:40 EDT,2026-08-25T14:23:59Z,OK,240.7,132.3,13.1,5.3,0,255.6,384.5,en0,30411,https://www.speedtest.net/result/c/a4cbcbae-125d-4309-ad5a-3a976de6af4e
2026-08-25 10:54:01 EDT,2026-08-25T14:54:18Z,OK,272.9,137.6,19.5,0.8,0,30.4,181.8,en0,30411,https://www.speedtest.net/result/c/69544b85-9a37-42a2-9a5d-5bda438c25e9
2026-08-25 11:38:53 EDT,2026-08-25T15:39:41Z,OK,239.9,131.7,10.4,2.0,0,43.4,477.8,en0,30411,https://www.speedtest.net/result/c/bc55298f-0b74-4d22-9ca5-5bc3a8cb2bcf
2026-08-25 13:33:40 EDT,2026-08-25T17:33:59Z,OK,262.8,228.8,19.7,2.4,0,32.1,188.9,en0,30411,https://www.speedtest.net/result/c/1d006cfe-7e43-493e-8058-de1bdc3f6914
2026-08-25 14:04:01 EDT,2026-08-25T18:04:33Z,OK,121.8,97.1,9.9,1.2,0,53.8,614.8,en0,30411,https://www.speedtest.net/result/c/f353f344-7d95-4911-99d5-44a282e866ff
2026-08-25 14:34:34 EDT,2026-08-25T18:34:55Z,OK,196.9,92.6,9.9,1.7,0,54.7,393.8,en0,30411,https://www.speedtest.net/result/c/52d48315-5dd2-489e-afdf-01abb3755946
2026-08-25 15:04:57 EDT,2026-08-25T19:05:16Z,OK,198.7,126.0,9.4,1.2,0,28.5,190.9,en0,30411,https://www.speedtest.net/result/c/b998421e-6016-419f-a223-60968020ac7c
2026-08-25 15:35:18 EDT,2026-08-25T19:35:39Z,OK,260.0,117.1,10.0,1.1,0,68.8,168.8,en0,30411,https://www.speedtest.net/result/c/20b9c3cf-7e8a-4389-91ca-d25beeee646e
2026-08-25 16:05:43 EDT,2026-08-25T20:06:04Z,OK,239.8,127.8,19.6,1.0,0,41.7,405.2,en0,30411,https://www.speedtest.net/result/c/d59dff2a-54d0-456f-b379-7c92c6501bff
2026-08-25 16:36:06 EDT,2026-08-25T20:36:33Z,OK,217.5,93.0,8.3,5.3,0,48.3,510.2,en0,30411,https://www.speedtest.net/result/c/02f96385-63c1-4e53-806a-ad216d781bc3
2026-08-25 17:06:35 EDT,2026-08-25T21:06:54Z,OK,227.6,97.7,10.1,0.9,0,45.6,517.6,en0,30411,https://www.speedtest.net/result/c/40d53efd-52df-4ac5-bf61-dc8597a30f63
2026-08-25 17:36:56 EDT,2026-08-25T21:37:16Z,OK,218.9,97.1,9.9,1.4,0,35.5,539.6,en0,30411,https://www.speedtest.net/result/c/8cb5dcad-0093-4854-96d6-0e921a018840
2026-08-25 18:07:18 EDT,2026-08-25T22:07:43Z,OK,215.2,95.6,12.8,8.0,0,40.7,709.2,en0,30411,https://www.speedtest.net/result/c/25ce6081-c2a0-4f98-bcb9-ffc91e4556fa
2026-08-25 18:37:45 EDT,2026-08-25T22:38:11Z,OK,179.9,96.1,10.4,3.9,0,33.5,585.8,en0,30411,https://www.speedtest.net/result/c/6fe45089-a1ec-49a8-a959-4bfe0a2201f1
2026-08-25 19:08:13 EDT,2026-08-25T23:08:38Z,OK,197.3,137.3,19.7,2.3,0,25.9,445.1,en0,30411,https://www.speedtest.net/result/c/45cbfdd8-056e-4613-b081-3c9d4c94664c
2026-08-25 19:38:40 EDT,2026-08-25T23:38:57Z,OK,246.0,137.7,9.3,1.1,0,51.3,472.5,en0,30411,https://www.speedtest.net/result/c/83197398-b7b1-4bd1-af1e-63f8928e4b73
2026-08-25 20:08:59 EDT,2026-08-26T00:09:16Z,OK,230.6,138.9,10.3,1.6,0,30.7,456.6,en0,30411,https://www.speedtest.net/result/c/74289e18-4cb3-48a4-8751-25a9f0fb5601
2026-08-25 20:39:18 EDT,2026-08-26T00:39:41Z,OK,260.0,78.0,19.9,0.4,0,25.9,443.3,en0,30411,https://www.speedtest.net/result/c/9c8af81e-25df-4d7e-a137-e2491a56d107
2026-08-25 21:09:43 EDT,2026-08-26T01:10:03Z,OK,268.1,142.7,9.4,1.0,0,31.5,48.6,en0,30411,https://www.speedtest.net/result/c/5455adc2-3eac-42f1-a5c6-b271938c480a
2026-08-25 21:40:05 EDT,2026-08-26T01:40:30Z,OK,234.6,102.0,12.9,5.5,0,30.4,461.3,en0,30411,https://www.speedtest.net/result/c/739a3cc3-84f1-4454-9951-60e1520f06d9
2026-08-25 22:10:32 EDT,2026-08-26T02:10:57Z,OK,202.4,114.1,9.7,1.6,0,72.2,589.8,en0,30411,https://www.speedtest.net/result/c/c3f891b5-b9f4-4300-91ec-68f95c938228
2026-08-25 22:40:59 EDT,2026-08-26T02:41:19Z,OK,242.3,142.5,10.1,1.6,0,70.8,78.3,en0,30411,https://www.speedtest.net/result/c/2bf8102c-e715-4e4b-9085-abdc2accd55f
2026-08-25 23:11:21 EDT,2026-08-26T03:11:48Z,OK,215.7,141.7,10.0,11.5,0,310.8,415.2,en0,30411,https://www.speedtest.net/result/c/d4e3254a-f5ba-49a3-9395-76209698acd9
2026-08-25 23:41:50 EDT,2026-08-26T03:42:14Z,OK,198.1,91.7,19.4,3.0,0,240.2,433.2,en0,30411,https://www.speedtest.net/result/c/af9be71a-b0ce-44b0-bd15-6564274a47af
2026-08-26 00:12:16 EDT,2026-08-26T04:12:30Z,OK,233.7,146.0,9.9,1.1,0,29.3,453.8,en0,30411,https://www.speedtest.net/result/c/9d638988-e57f-4c05-a054-99c0338645b7
2026-08-26 00:42:32 EDT,2026-08-26T04:42:52Z,OK,224.8,134.5,9.3,1.6,0,33.6,212.6,en0,30411,https://www.speedtest.net/result/c/28069465-8e65-4ad5-9e71-f92cb95c2574
2026-08-26 01:12:53 EDT,2026-08-26T05:13:14Z,OK,273.9,144.2,10.0,1.8,0,41.5,408.4,en0,30411,https://www.speedtest.net/result/c/03140ce3-a846-4828-8243-43dd980b82fc
2026-08-26 01:43:15 EDT,2026-08-26T05:43:42Z,OK,252.9,146.0,10.0,1.1,0,36.2,494.5,en0,30411,https://www.speedtest.net/result/c/bd23225d-5494-431c-8b41-28f638efaf2c
2026-08-26 02:13:44 EDT,2026-08-26T06:14:04Z,OK,262.8,148.9,9.3,1.5,0,38.2,69.4,en0,30411,https://www.speedtest.net/result/c/16236c1f-f69d-4d76-9c30-d5444225093f
2026-08-26 02:44:06 EDT,2026-08-26T06:44:21Z,OK,246.2,144.5,10.0,1.2,0,244.9,51.4,en0,30411,https://www.speedtest.net/result/c/ce773280-1ae2-4bd7-b9e0-00c23451fe03
2026-08-26 03:14:23 EDT,2026-08-26T07:14:39Z,OK,267.6,148.0,9.8,1.0,0,25.5,268.9,en0,30411,https://www.speedtest.net/result/c/be48246e-c8d6-42a6-9e48-54807d5f949f
2026-08-26 03:44:41 EDT,2026-08-26T07:44:56Z,OK,277.9,144.0,11.3,4.8,0,34.8,187.3,en0,30411,https://www.speedtest.net/result/c/e53f7425-7de7-493e-9277-d30f7a950c61
2026-08-26 04:14:59 EDT,2026-08-26T08:15:27Z,OK,222.3,67.8,10.7,4.0,0,226.5,136.9,en0,30411,https://www.speedtest.net/result/c/1f90a21a-87a7-467f-b02d-4815cc4623b9
2026-08-26 04:45:29 EDT,2026-08-26T08:45:53Z,OK,261.5,153.4,19.9,2.1,0,48.4,69.3,en0,30411,https://www.speedtest.net/result/c/18324367-307c-40c7-b664-a9897793cd4b
2026-08-26 05:15:55 EDT,2026-08-26T09:16:15Z,OK,202.4,147.2,10.0,1.3,0,25.3,186.6,en0,30411,https://www.speedtest.net/result/c/17f5220e-dc21-4343-81ba-1ed573305ecd
2026-08-26 05:46:17 EDT,2026-08-26T09:46:47Z,OK,173.7,59.2,16.6,6.1,0.7518796992481203,389.7,550.5,en0,30411,https://www.speedtest.net/result/c/d14a7682-895f-43d4-be6e-a639f882b19c
2026-08-26 06:16:49 EDT,2026-08-26T10:17:06Z,OK,268.6,136.7,9.6,1.6,0,32.5,443.4,en0,30411,https://www.speedtest.net/result/c/64145027-5698-444f-98ec-6f19ec90a43f
2026-08-26 06:47:08 EDT,2026-08-26T10:47:31Z,OK,210.4,138.3,19.8,1.1,0,32.6,456.0,en0,30411,https://www.speedtest.net/result/c/0a5bf4c1-83c2-456f-950b-953b1180a9f0
2026-08-26 07:23:44 EDT,,FAILED,,,,,,,,,30411,
2026-08-26 07:53:45 EDT,,FAILED,,,,,,,,,30411,
2026-08-26 17:33:02 EDT,,FAILED,,,,,,,,,30411,
2026-08-26 18:03:03 EDT,,FAILED,,,,,,,,,30411,
2026-08-26 19:14:29 EDT,2026-08-26T23:14:44Z,OK,255.1,140.5,19.6,0.7,0,26.5,163.9,en0,30411,https://www.speedtest.net/result/c/8ad7de2f-051b-4f8b-a8cd-3b1041260179
2026-08-26 19:44:46 EDT,2026-08-26T23:45:13Z,OK,266.2,143.5,20.0,1.0,0,421.2,52.8,en0,30411,https://www.speedtest.net/result/c/fc4fb75c-cc94-4276-948e-bf5e809f5963
2026-08-26 21:04:57 EDT,2026-08-27T01:06:17Z,OK,268.0,99.4,19.8,0.9,0,93.2,207.7,en0,30411,https://www.speedtest.net/result/c/d9e2685b-a32d-4a4c-9a40-b38da41f0282
2026-08-26 22:43:28 EDT,2026-08-27T02:43:54Z,OK,247.7,127.5,19.7,0.8,0,32.5,395.6,en0,30411,https://www.speedtest.net/result/c/9bab734e-e1cb-48bb-be5d-b9abd48b8407
2026-08-27 01:41:19 EDT,2026-08-27T06:03:38Z,OK,154.2,30.0,12.0,4.3,0,86.4,787.2,en0,30411,https://www.speedtest.net/result/c/e0418d1c-2062-4672-a04a-9df8453e6c51
2026-08-27 04:43:24 EDT,2026-08-27T08:43:39Z,OK,246.1,138.3,10.6,4.8,0,32.8,444.3,en0,30411,https://www.speedtest.net/result/c/df7cff5e-ebbf-4af2-850c-599e0c489869
2026-08-27 05:13:41 EDT,2026-08-27T09:14:09Z,OK,162.9,144.1,9.6,0.6,0,301.3,492.6,en0,30411,https://www.speedtest.net/result/c/6b78cec6-b682-49a6-a027-d314b42c41c1
2026-08-27 05:44:11 EDT,2026-08-27T09:44:32Z,OK,272.0,133.3,18.3,5.2,0,44.7,432.3,en0,30411,https://www.speedtest.net/result/c/2ba9e66d-90c8-4c45-82e8-493ea8febb4b
2026-08-27 06:14:34 EDT,2026-08-27T10:14:52Z,OK,233.3,101.6,9.6,1.5,0,61.0,68.8,en0,30411,https://www.speedtest.net/result/c/70eeaba2-823e-41a8-bb73-4557dbcd4dc1
2026-08-27 06:44:53 EDT,2026-08-27T10:45:11Z,OK,226.2,105.1,7.8,2.1,0,26.2,262.9,en0,30411,https://www.speedtest.net/result/c/722a3000-fb74-4bfc-a1ea-680e0edd13be
2026-08-27 07:15:12 EDT,2026-08-27T11:15:31Z,OK,182.3,144.9,19.7,1.1,0,29.1,484.1,en0,30411,https://www.speedtest.net/result/c/d0609432-67f9-4b14-9646-483d97b74ea7
2026-08-27 07:45:33 EDT,2026-08-27T11:46:00Z,OK,262.9,101.6,9.7,2.0,0,43.2,70.1,en0,30411,https://www.speedtest.net/result/c/c86f17fe-9632-4d53-9670-c93b0f6417da
2026-08-27 08:16:02 EDT,2026-08-27T12:16:18Z,OK,265.3,119.5,9.3,1.1,0,31.6,171.9,en0,30411,https://www.speedtest.net/result/c/ed131d0f-ac37-42cd-9e06-7ad0b360c0fe
2026-08-27 08:46:20 EDT,2026-08-27T12:46:40Z,OK,199.7,123.1,10.1,1.0,0,46.2,194.4,en0,30411,https://www.speedtest.net/result/c/5ecc6317-2ab9-4644-9ec1-47267b13c9fc
2026-08-27 09:16:42 EDT,2026-08-27T13:17:05Z,OK,223.6,128.2,8.6,0.7,1.4492753623188406,33.1,313.7,en0,30411,https://www.speedtest.net/result/c/37e5ca44-218e-4229-a39c-4ff8aeda6633
2026-08-27 09:47:07 EDT,2026-08-27T13:47:24Z,OK,236.4,112.2,17.2,4.0,0,34.5,186.0,en0,30411,https://www.speedtest.net/result/c/5f07f245-4016-44a3-8fbd-79b55d0c6e5c
2026-08-27 10:17:26 EDT,2026-08-27T14:17:53Z,OK,198.1,73.1,9.3,1.4,0,46.6,614.1,en0,30411,https://www.speedtest.net/result/c/8f887297-c9ae-48f3-a237-3be59a6f6577
2026-08-27 10:47:55 EDT,2026-08-27T14:48:20Z,OK,208.9,119.3,16.3,8.1,0,27.3,468.4,en0,30411,https://www.speedtest.net/result/c/247fae01-42dc-4a97-932f-3e6e0e3420a2
2026-08-27 11:18:23 EDT,2026-08-27T15:18:39Z,OK,244.5,133.2,9.8,1.8,0,41.7,474.1,en0,30411,https://www.speedtest.net/result/c/8b6007da-a750-4a76-977a-7523a7409c8f
2026-08-27 11:48:43 EDT,2026-08-27T15:49:11Z,OK,245.4,133.7,10.3,1.8,0,40.7,211.5,en0,30411,https://www.speedtest.net/result/c/0e02beff-4662-4b7a-885d-ff861182f465
2026-08-27 12:19:14 EDT,2026-08-27T16:19:32Z,OK,210.1,122.3,9.9,1.3,0,33.9,191.7,en0,30411,https://www.speedtest.net/result/c/80a1763e-6b4c-45c4-8b1b-0043c4f46302
2026-08-27 12:49:34 EDT,2026-08-27T16:49:55Z,OK,253.3,113.0,13.1,6.0,0,378.0,463.8,en0,30411,https://www.speedtest.net/result/c/27380acd-7d2f-44b9-b0da-70defed1ae73
2026-08-27 13:19:57 EDT,2026-08-27T17:20:15Z,OK,254.3,140.4,10.4,4.1,0,36.7,444.1,en0,30411,https://www.speedtest.net/result/c/db9c308b-3adc-45f4-8d93-9cb2376a19ec
2026-08-27 14:01:15 EDT,2026-08-27T18:06:29Z,OK,196.6,86.3,9.8,0.6,0,52.8,150.6,en0,30411,https://www.speedtest.net/result/c/00fdd901-93d2-4cfb-a954-63a6cd929bbd
2026-08-27 14:44:25 EDT,2026-08-27T18:44:42Z,OK,255.1,160.2,9.7,1.6,0,29.8,409.6,en0,30411,https://www.speedtest.net/result/c/45fa6ffe-4a31-4f54-bbfe-4a55e9bdc831
2026-08-27 15:14:44 EDT,2026-08-27T19:15:01Z,OK,247.4,186.8,8.9,1.0,0,45.6,440.6,en0,30411,https://www.speedtest.net/result/c/021294eb-0df8-4922-ab4a-e95bb84eff6a
2026-08-27 15:45:03 EDT,2026-08-27T19:45:28Z,OK,224.4,171.1,9.3,1.1,0,32.2,56.5,en0,30411,https://www.speedtest.net/result/c/85ecade7-fbed-417e-82bb-4a8f0f8ca44e
2026-08-27 16:15:29 EDT,2026-08-27T20:15:49Z,OK,247.4,179.3,9.7,1.1,0,30.1,506.4,en0,30411,https://www.speedtest.net/result/c/adc8822c-e0a1-45d4-98fe-1fd4edf3c37a
2026-08-27 19:34:07 EDT,2026-08-27T23:34:45Z,OK,220.8,174.2,52.2,67.3,0,153.6,798.5,en0,30411,https://www.speedtest.net/result/c/1ce89aa9-942a-4eb2-8786-e6564697e37a
2026-08-27 20:48:00 EDT,2026-08-28T00:48:23Z,OK,190.5,146.1,9.6,1.1,0,28.6,57.0,en0,30411,https://www.speedtest.net/result/c/fa601434-0329-4dff-b6a9-0673a242daea
2026-08-27 21:18:25 EDT,2026-08-28T01:18:48Z,OK,159.2,138.7,19.2,2.6,0,32.6,196.4,en0,30411,https://www.speedtest.net/result/c/31612528-b409-4b4c-826e-7b17082e9631
2026-08-27 21:48:50 EDT,2026-08-28T01:49:14Z,OK,294.6,177.5,12.2,0.8,0,77.4,432.3,en0,30411,https://www.speedtest.net/result/c/b5554872-e0c8-4be0-8522-2a31e72bf361
2026-08-27 22:19:16 EDT,2026-08-28T02:19:43Z,OK,252.7,155.9,20.8,0.9,0,77.1,477.4,en0,30411,https://www.speedtest.net/result/c/0b552147-33a1-4eaa-85da-467f8b8f9fb0
2026-08-27 22:49:44 EDT,2026-08-28T02:50:00Z,OK,268.5,153.7,10.0,1.5,0,31.9,394.7,en0,30411,https://www.speedtest.net/result/c/bd3f52a8-0a31-49e0-9043-23d8b526ec73
2026-08-27 23:20:02 EDT,2026-08-28T03:20:19Z,OK,223.3,175.6,10.0,1.4,0,30.9,30.2,en0,30411,https://www.speedtest.net/result/c/9f316b1e-e374-4eeb-a682-859628179d5f
2026-08-27 23:50:21 EDT,2026-08-28T03:50:46Z,OK,213.7,160.9,9.8,1.2,0,164.7,171.5,en0,30411,https://www.speedtest.net/result/c/773a93f1-f99c-4ad3-9eb5-cfc1bfbb8548
2026-08-28 00:20:48 EDT,2026-08-28T04:21:03Z,OK,285.5,165.6,9.6,2.4,0,44.8,386.3,en0,30411,https://www.speedtest.net/result/c/c76c7915-0640-4884-99a4-b1594796e8e7
2026-08-28 00:51:05 EDT,2026-08-28T04:51:30Z,OK,200.1,142.5,10.7,4.5,0,26.4,506.3,en0,30411,https://www.speedtest.net/result/c/10be18d0-0d05-46bb-9500-95398d0483d3
2026-08-28 03:27:54 EDT,2026-08-28T08:10:10Z,OK,224.5,27.1,9.7,1.4,0,106.6,802.6,en0,30411,https://www.speedtest.net/result/c/3fc9ba10-0481-415c-8868-9e56f6c9533b
2026-08-28 10:37:38 EDT,2026-08-28T14:37:56Z,OK,208.0,140.2,16.1,7.5,0,207.4,389.7,en0,30411,https://www.speedtest.net/result/c/03b085a1-a38f-46f6-be59-276c1cfb5aff
2026-08-28 11:07:57 EDT,2026-08-28T15:08:13Z,OK,243.5,182.7,13.4,6.2,0,30.1,417.9,en0,30411,https://www.speedtest.net/result/c/25348b83-18bd-485b-a421-dc8a0bcefadb
2026-08-28 11:38:15 EDT,2026-08-28T15:38:37Z,OK,289.5,193.1,9.9,1.8,0,31.3,456.4,en0,30411,https://www.speedtest.net/result/c/4d349d89-1de7-4866-b458-126d66355146
2026-08-28 12:08:39 EDT,2026-08-28T16:08:59Z,OK,262.5,178.3,19.7,2.0,0,36.5,415.6,en0,30411,https://www.speedtest.net/result/c/3052bedf-e9a5-460e-b424-dd34bf5217ba
2026-08-28 12:39:01 EDT,2026-08-28T16:39:23Z,OK,268.9,179.5,17.7,11.8,0,32.8,37.2,en0,30411,https://www.speedtest.net/result/c/ad443911-2a2f-4cdc-a5e9-2064367e2d8d
2026-08-28 13:09:25 EDT,2026-08-28T17:09:40Z,OK,228.6,172.7,10.1,1.3,0,29.1,390.1,en0,30411,https://www.speedtest.net/result/c/75bb4c42-865e-4296-b0d5-c01fecfc6ee9
2026-08-28 13:39:42 EDT,2026-08-28T17:40:04Z,OK,242.3,181.9,10.0,1.6,0,27.9,420.6,en0,30411,https://www.speedtest.net/result/c/54a43d77-6b8f-40f3-b75f-9acf400ffd0f
2026-08-28 14:10:06 EDT,2026-08-28T18:10:25Z,OK,305.8,171.4,10.3,1.8,0,37.8,420.5,en0,30411,https://www.speedtest.net/result/c/36406673-6bc1-4ba4-8184-1d443d1a8866
2026-08-28 14:40:28 EDT,2026-08-28T18:40:50Z,OK,280.0,179.4,10.0,0.9,0,49.5,40.2,en0,30411,https://www.speedtest.net/result/c/2a0f559c-b19e-4291-8ba4-c2c74b7de69d
2026-08-28 15:10:52 EDT,2026-08-28T19:11:11Z,OK,308.3,181.2,19.6,1.6,0,40.3,445.0,en0,30411,https://www.speedtest.net/result/c/83a31ec6-d29a-4065-9373-5e5cc4f67392
2026-08-28 15:41:13 EDT,2026-08-28T19:41:36Z,OK,241.6,176.7,9.8,1.1,0,429.7,181.1,en0,30411,https://www.speedtest.net/result/c/6b2c50ac-909a-4196-8444-ff24ed06150a
2026-08-28 16:11:38 EDT,2026-08-28T20:11:56Z,OK,238.7,167.3,10.1,0.9,0,33.0,406.0,en0,30411,https://www.speedtest.net/result/c/8f012faf-14ad-483e-83a6-d4be04965f46
2026-08-28 16:41:58 EDT,2026-08-28T20:42:17Z,OK,296.8,178.1,10.0,0.6,0,25.6,169.6,en0,30411,https://www.speedtest.net/result/c/c6ec8845-3b03-413e-8a57-526711212c4b
2026-08-28 17:12:19 EDT,2026-08-28T21:12:49Z,OK,269.3,182.8,10.0,1.4,0,25.9,436.1,en0,30411,https://www.speedtest.net/result/c/e1a03ffc-3d39-4f23-9e56-42bbf8e7d4af
2026-08-28 17:42:51 EDT,2026-08-28T21:43:14Z,OK,304.6,166.1,9.3,1.0,0,36.5,405.6,en0,30411,https://www.speedtest.net/result/c/e709d843-58bf-4d77-a94d-7d43e8e0d478
2026-08-28 18:13:16 EDT,2026-08-28T22:13:36Z,OK,263.7,184.5,10.0,1.5,0,30.3,414.8,en0,30411,https://www.speedtest.net/result/c/b2adc70c-7bf0-4626-a99d-c5db06b20384
2026-08-28 18:43:38 EDT,2026-08-28T22:43:55Z,OK,231.4,175.9,10.8,3.9,0,28.0,421.0,en0,30411,https://www.speedtest.net/result/c/9e60b96e-6314-4fa8-afb3-4a85e7d647a0
2026-08-28 19:13:57 EDT,2026-08-28T23:14:28Z,OK,251.1,177.7,19.7,1.8,0,60.6,420.8,en0,30411,https://www.speedtest.net/result/c/809190b2-59fd-4b64-b460-39214500a5c1
2026-08-28 19:44:30 EDT,2026-08-28T23:44:51Z,OK,299.0,178.7,10.0,2.9,0,31.2,168.8,en0,30411,https://www.speedtest.net/result/c/da7f2fbf-6d22-48a1-afe0-59b532646845
2026-08-28 20:14:53 EDT,2026-08-29T00:15:08Z,OK,273.3,179.3,14.0,2.7,0,26.9,168.0,en0,30411,https://www.speedtest.net/result/c/9ba1f961-0ad8-4733-816a-22a1dd0b0fd7
2026-08-28 20:45:10 EDT,2026-08-29T00:45:28Z,OK,272.8,179.1,15.9,5.3,0,25.6,144.9,en0,30411,https://www.speedtest.net/result/c/9ec14291-625c-4140-bd48-f3f9bfff15b0
2026-08-28 21:15:30 EDT,2026-08-29T01:15:47Z,OK,265.6,170.0,9.9,0.9,0,37.2,413.1,en0,30411,https://www.speedtest.net/result/c/6676d710-55c1-4d4d-9b57-a0338fd18d37
2026-08-28 21:45:49 EDT,2026-08-29T01:46:06Z,OK,259.7,175.4,10.8,2.3,0,34.1,176.0,en0,30411,https://www.speedtest.net/result/c/2b1c415f-8a5a-4332-827d-837963bf85c1
2026-08-28 22:16:08 EDT,2026-08-29T02:16:33Z,OK,248.8,180.6,10.0,2.1,0,32.6,422.1,en0,30411,https://www.speedtest.net/result/c/44a6ae4e-58da-486a-8f01-e63cdb636a27
2026-08-28 22:46:35 EDT,2026-08-29T02:46:57Z,OK,305.2,187.7,10.0,1.6,0,45.8,387.6,en0,30411,https://www.speedtest.net/result/c/7d68b85c-e93e-473a-aa69-624d2bff5404
2026-08-28 23:16:59 EDT,2026-08-29T03:17:14Z,OK,246.5,181.6,10.0,3.3,0,30.4,40.4,en0,30411,https://www.speedtest.net/result/c/fd1a6c6d-3111-46f0-a925-cbd78054784f
2026-08-28 23:47:16 EDT,2026-08-29T03:47:34Z,OK,286.0,197.2,19.4,6.5,0,33.9,179.6,en0,30411,https://www.speedtest.net/result/c/555c3841-526f-4450-9d0e-7190a4ee5115
2026-08-29 00:17:36 EDT,2026-08-29T04:17:54Z,OK,204.5,168.2,9.3,1.5,0,27.5,157.8,en0,30411,https://www.speedtest.net/result/c/3302de7e-068f-46c5-846e-2b6cb66d8d81
2026-08-29 00:47:56 EDT,2026-08-29T04:48:25Z,OK,232.2,180.7,9.7,0.8,0,154.2,423.9,en0,30411,https://www.speedtest.net/result/c/30ee89b9-8819-4329-83af-593ab6e1eebf
2026-08-29 01:18:27 EDT,2026-08-29T05:18:46Z,OK,241.4,182.3,9.2,2.4,0,19.4,40.0,en0,30411,https://www.speedtest.net/result/c/b133e8f2-e354-47ff-ade0-cc3be2a58240
2026-08-29 01:48:48 EDT,2026-08-29T05:49:10Z,OK,305.9,190.2,19.6,1.1,0,157.0,445.0,en0,30411,https://www.speedtest.net/result/c/6c4dc40b-1e62-4daa-a3b6-c687885ef6ce
2026-08-29 02:19:12 EDT,2026-08-29T06:19:28Z,OK,305.5,189.5,9.6,0.6,0,26.8,44.1,en0,30411,https://www.speedtest.net/result/c/eb4f2b73-ca34-4564-8ae9-c0dbb17f7592
2026-08-29 02:49:30 EDT,2026-08-29T06:49:50Z,OK,307.5,170.0,19.9,0.8,0,39.1,478.4,en0,30411,https://www.speedtest.net/result/c/129a9c1b-1ee6-474a-b870-37cd7d4fc83b
2026-08-29 03:19:52 EDT,2026-08-29T07:20:15Z,OK,241.2,188.3,10.0,1.5,0,18.7,47.1,en0,30411,https://www.speedtest.net/result/c/fbbcd4d9-029f-4c63-b496-fc7df95d7807
2026-08-29 03:50:17 EDT,2026-08-29T07:50:30Z,OK,262.2,178.9,10.0,1.6,0,28.6,45.8,en0,30411,https://www.speedtest.net/result/c/493a5c76-2b52-47ff-aa03-004d3ba61461
2026-08-29 04:20:32 EDT,2026-08-29T08:20:52Z,OK,271.1,185.4,10.0,1.7,0,27.3,155.4,en0,30411,https://www.speedtest.net/result/c/53d67f3d-33ee-4ddc-b75d-318adcb84b46
2026-08-29 04:50:54 EDT,2026-08-29T08:51:14Z,OK,300.3,180.9,16.1,3.9,0,28.8,51.4,en0,30411,https://www.speedtest.net/result/c/1e0200d3-5b33-4f27-8438-584705d2d1e0
2026-08-29 05:21:16 EDT,2026-08-29T09:21:34Z,OK,266.9,183.2,10.0,5.0,0,30.7,175.1,en0,30411,https://www.speedtest.net/result/c/fbdb644b-8dce-441a-9bf5-141fc4af6c15
2026-08-29 05:51:36 EDT,2026-08-29T09:51:52Z,OK,305.0,181.9,20.0,2.9,0,50.0,211.5,en0,30411,https://www.speedtest.net/result/c/fa308144-9273-4ef6-b297-1f49275ffaa2
2026-08-29 10:17:01 EDT,2026-08-29T14:17:32Z,OK,160.0,167.1,19.8,3.6,0,226.7,1036.7,en0,30411,https://www.speedtest.net/result/c/68a5825a-d8d0-4b8e-aba5-2b9a840da4d7
2026-08-29 13:00:41 EDT,2026-08-29T17:00:56Z,OK,246.1,163.4,19.3,4.2,0,48.5,388.5,en0,30411,https://www.speedtest.net/result/c/8afa0c5d-cbc4-47e8-9269-f3d4d6561600
2026-08-29 13:30:58 EDT,2026-08-29T17:31:26Z,OK,238.5,161.5,9.8,1.3,0,90.4,176.9,en0,30411,https://www.speedtest.net/result/c/d05dd69b-219b-4301-8b0f-e59e9e27289a
2026-08-29 14:01:28 EDT,2026-08-29T18:01:54Z,OK,250.1,148.5,12.7,6.3,0,242.6,518.5,en0,30411,https://www.speedtest.net/result/c/1248aa57-44ab-4909-9b3c-6167f8126897
2026-08-29 14:31:56 EDT,2026-08-29T18:32:15Z,OK,259.2,161.3,11.0,14.9,0,37.2,422.6,en0,30411,https://www.speedtest.net/result/c/8b68a99d-5fe0-4a6d-9f18-c0b96c60f461
2026-08-29 15:02:17 EDT,2026-08-29T19:02:35Z,OK,243.3,165.9,10.1,1.0,0,46.5,404.9,en0,30411,https://www.speedtest.net/result/c/408e1a37-9b5e-4dea-9f5e-3684d9efefbc
2026-08-29 15:32:37 EDT,2026-08-29T19:32:56Z,OK,263.1,157.9,9.8,1.5,0,30.2,420.4,en0,30411,https://www.speedtest.net/result/c/1beb8ef7-1481-47c7-9a5e-f0549148c0a4
2026-08-29 16:02:58 EDT,2026-08-29T20:03:14Z,OK,252.4,167.2,9.4,1.1,0,27.5,162.0,en0,30411,https://www.speedtest.net/result/c/0ee1f01a-d2fe-4edf-a36f-080e738959d5
2026-08-29 16:33:16 EDT,2026-08-29T20:33:34Z,OK,246.1,171.8,10.0,1.1,0,31.4,33.1,en0,30411,https://www.speedtest.net/result/c/eb856f6a-e2aa-4999-aa42-c69383b5a5ce
2026-08-29 20:53:06 EDT,2026-08-30T00:53:29Z,OK,227.1,122.4,10.7,2.2,0,29.5,358.4,en0,30411,https://www.speedtest.net/result/c/9e400fcc-5343-4e03-977f-1f5cf769ce39
2026-08-30 06:16:15 EDT,2026-08-30T10:16:38Z,OK,250.6,159.8,19.6,0.7,0,31.1,417.6,en0,30411,https://www.speedtest.net/result/c/c9f31c9d-2dcd-495b-9e43-abf58ef6db4e
2026-08-30 06:46:40 EDT,2026-08-30T10:47:02Z,OK,243.4,172.0,19.3,2.8,0,40.7,407.5,en0,30411,https://www.speedtest.net/result/c/c2cbb01e-3d0f-41b3-bdf1-5ef429079569
2026-08-30 07:17:04 EDT,2026-08-30T11:17:23Z,OK,215.3,157.5,10.0,1.4,0,27.4,66.5,en0,30411,https://www.speedtest.net/result/c/4c59628e-0fd3-443f-8f6c-67522bb4e710
2026-08-30 07:47:25 EDT,2026-08-30T11:47:43Z,OK,252.1,145.9,9.3,1.3,0,238.4,175.2,en0,30411,https://www.speedtest.net/result/c/772fab98-c788-4b17-b904-7b92c99b41fc
2026-08-30 13:00:22 EDT,2026-08-30T17:01:12Z,OK,190.4,85.6,18.5,4.3,0,807.7,567.6,en0,30411,https://www.speedtest.net/result/c/2cdcd141-6c05-44d6-8565-d2a748496abc
2026-08-30 14:56:08 EDT,2026-08-30T18:56:26Z,OK,247.9,151.9,10.1,1.3,0,33.0,38.9,en0,30411,https://www.speedtest.net/result/c/ec1b77bd-30c8-4161-b491-61b81da7aef2
2026-08-30 15:26:28 EDT,2026-08-30T19:26:43Z,OK,158.8,29.2,10.2,1.7,0,517.9,1042.1,en0,30411,https://www.speedtest.net/result/c/4633d03d-a869-46a9-afe0-07cf30e66179
2026-08-30 15:56:45 EDT,2026-08-30T19:57:10Z,OK,213.4,116.1,10.2,2.0,0,166.2,176.7,en0,30411,https://www.speedtest.net/result/c/b1ec5546-7754-43c9-860b-c2ce9d694a02
2026-08-30 16:27:12 EDT,2026-08-30T20:27:32Z,OK,250.1,141.2,9.5,2.0,0,34.8,44.5,en0,30411,https://www.speedtest.net/result/c/17803efd-dee9-49c9-b622-040e23736dea
2026-08-30 18:59:23 EDT,2026-08-30T23:15:09Z,OK,107.5,102.7,19.4,2.0,0,0,751.5,en0,30411,https://www.speedtest.net/result/c/e55aa6a3-de10-45d0-98fd-0cffced1315c
2026-08-30 21:43:17 EDT,2026-08-31T01:43:43Z,OK,237.5,113.6,19.4,2.5,0,31.6,691.0,en0,30411,https://www.speedtest.net/result/c/26a35ea6-ac71-4992-aea9-4f5aba9f65b7
2026-08-30 22:21:27 EDT,2026-08-31T02:21:52Z,OK,257.3,128.5,9.7,0.7,0,285.1,59.4,en0,30411,https://www.speedtest.net/result/c/6b44cdca-20ee-4fbb-9c34-07506ce27bee
2026-08-31 06:14:16 EDT,2026-08-31T10:14:33Z,OK,217.7,105.5,19.7,0.8,0,35.2,412.7,en0,30411,https://www.speedtest.net/result/c/8f24732b-8b58-49a9-b57e-8ce1068b8946
2026-08-31 06:44:35 EDT,2026-08-31T10:45:02Z,OK,221.0,103.3,10.7,4.0,0,52.8,202.4,en0,30411,https://www.speedtest.net/result/c/5d6114d0-4ce0-431f-8d8a-dfa3afe974aa
2026-08-31 07:33:52 EDT,,FAILED,,,,,,,,,30411,
2026-08-31 08:03:53 EDT,,FAILED,,,,,,,,,30411,
2026-08-31 12:49:07 EDT,,FAILED,,,,,,,,,30411,
2026-08-31 13:19:07 EDT,,FAILED,,,,,,,,,30411,
2026-08-31 14:48:19 EDT,,FAILED,,,,,,,,,30411,
2026-08-31 15:18:19 EDT,,FAILED,,,,,,,,,30411,
2026-08-31 16:12:01 EDT,,FAILED,,,,,,,,,30411,
2026-08-31 21:33:22 EDT,2026-09-01T01:33:53Z,OK,133.0,108.0,9.7,1.3,0,253.1,440.6,en0,30411,https://www.speedtest.net/result/c/9d38e0e0-ad7f-4879-91d0-acf4d8f5fa2c
2026-08-31 22:03:55 EDT,2026-09-01T02:04:17Z,OK,222.1,114.3,9.3,1.4,0,41.7,469.8,en0,30411,https://www.speedtest.net/result/c/d2fe46df-99fa-4b9c-9c4d-b174e42925a4
2026-09-01 05:59:52 EDT,2026-09-01T10:00:08Z,OK,196.9,64.5,9.8,1.7,0,102.3,643.6,en0,30411,https://www.speedtest.net/result/c/f41de4e9-ed24-4da4-a773-f3718efe1d63
2026-09-01 06:30:10 EDT,2026-09-01T10:30:35Z,OK,170.9,144.9,18.0,1.6,0,23.5,446.7,en0,30411,https://www.speedtest.net/result/c/f5ab4b62-9d0b-42d6-867f-c15a9b493e21
2026-09-01 07:13:05 EDT,,FAILED,,,,,,,,,30411,
2026-09-01 07:43:05 EDT,,FAILED,,,,,,,,,30411,
2026-09-01 08:13:05 EDT,,FAILED,,,,,,,,,30411,
2026-09-01 10:22:04 EDT,,FAILED,,,,,,,,,30411,
2026-09-01 10:52:07 EDT,,FAILED,,,,,,,,,30411,
2026-09-01 14:04:34 EDT,,FAILED,,,,,,,,,30411,
2026-09-01 16:18:19 EDT,,FAILED,,,,,,,,,30411,
2026-09-01 16:48:20 EDT,,FAILED,,,,,,,,,30411,
2026-09-01 17:26:41 EDT,2026-09-01T22:54:37Z,OK,128.7,127.1,10.1,3.7,0,86.2,163.9,en0,30411,https://www.speedtest.net/result/c/b080123d-f3ac-4f2d-bc49-79040f79a93e
2026-09-01 21:06:28 EDT,2026-09-02T01:06:46Z,OK,273.9,144.7,16.6,6.6,0,31.4,425.2,en0,30411,https://www.speedtest.net/result/c/f783022c-a331-4569-8b62-ff98757bd684
2026-09-01 21:36:48 EDT,2026-09-02T01:37:05Z,OK,260.5,135.1,16.3,5.0,1.5151515151515151,36.7,439.8,en0,30411,https://www.speedtest.net/result/c/575ca1f0-33e0-4c77-8c87-58391071030a
2026-09-01 22:07:07 EDT,2026-09-02T02:07:29Z,OK,260.9,104.9,9.9,0.7,0,40.0,187.8,en0,30411,https://www.speedtest.net/result/c/1f904cb0-61c4-43d5-a66f-e8e08b5b2ffa
2026-09-01 22:37:31 EDT,2026-09-02T02:37:58Z,OK,216.2,138.2,19.0,4.6,0,27.1,178.8,en0,30411,https://www.speedtest.net/result/c/56f8ea71-e482-4ca5-a18f-b3b56e442020
2026-09-01 23:08:00 EDT,2026-09-02T03:08:21Z,OK,200.5,116.0,9.3,1.1,0,33.7,439.0,en0,30411,https://www.speedtest.net/result/c/ccb340a6-2559-43fe-8ed6-66ebb33f10ea
2026-09-01 23:38:23 EDT,2026-09-02T03:38:41Z,OK,257.3,148.7,9.8,1.1,0,38.0,400.6,en0,30411,https://www.speedtest.net/result/c/19a267ce-a55d-4ddc-adf6-6a0098356dae
2026-09-02 02:29:07 EDT,2026-09-02T06:34:11Z,OK,216.2,92.8,19.3,2.9,0,0,289.1,en0,30411,https://www.speedtest.net/result/c/7aa6d6bd-c07d-4f95-a393-cffae900e4bb
2026-09-02 07:12:38 EDT,2026-09-02T11:13:00Z,OK,207.1,144.2,9.3,1.7,0,38.4,442.7,en0,30411,https://www.speedtest.net/result/c/30a806b1-1434-4829-b8df-eac751820c17
2026-09-02 08:04:44 EDT,2026-09-02T12:05:07Z,OK,216.8,153.4,10.7,1.7,1.7857142857142858,25.4,188.7,en0,30411,https://www.speedtest.net/result/c/c47a1e3a-9e1a-4e2d-9bf0-6f7acfec65a9
2026-09-02 08:35:08 EDT,2026-09-02T12:35:25Z,OK,233.3,146.4,16.4,4.5,0,24.8,150.8,en0,30411,https://www.speedtest.net/result/c/f4068f34-c5e2-4b27-bd8f-3ebc64eb74dd
2026-09-02 09:10:34 EDT,2026-09-02T13:10:51Z,OK,151.3,47.4,19.6,0.8,0,38.9,769.8,en0,30411,https://www.speedtest.net/result/c/f016b8f6-585a-4780-9222-c75ab7864dc2
2026-09-02 09:40:53 EDT,2026-09-02T13:41:17Z,OK,166.3,51.1,19.7,0.8,1.7857142857142858,43.1,721.1,en0,30411,https://www.speedtest.net/result/c/9c42e71d-102c-401a-9988-3d061619dd39
2026-09-02 10:11:19 EDT,2026-09-02T14:11:39Z,OK,186.5,57.2,19.3,0.6,0,76.3,527.7,en0,30411,https://www.speedtest.net/result/c/8bdf3436-c059-4d05-b38e-42d43a570b76
2026-09-02 11:42:08 EDT,2026-09-02T15:42:57Z,OK,211.0,117.8,10.0,1.3,0,881.5,226.3,en0,30411,https://www.speedtest.net/result/c/6f38d688-546d-4f71-bacf-b5b84a259bf0
2026-09-02 13:06:26 EDT,2026-09-02T17:06:51Z,OK,275.7,125.2,19.7,0.8,0,38.5,465.6,en0,30411,https://www.speedtest.net/result/c/133b82ae-3ea7-4a25-aab0-87661b414144
2026-09-02 13:36:53 EDT,2026-09-02T17:37:16Z,OK,157.5,59.6,13.4,5.1,0,31.8,872.2,en0,30411,https://www.speedtest.net/result/c/696d7345-ad18-4ac0-9661-0acd954a51ff
2026-09-02 14:07:18 EDT,2026-09-02T18:07:37Z,OK,185.8,58.3,19.7,1.5,0,49.8,800.0,en0,30411,https://www.speedtest.net/result/c/10352be6-eef4-4f90-a523-84bf2b556792
2026-09-02 14:37:44 EDT,2026-09-02T18:38:16Z,OK,171.4,51.7,20.1,40.0,0,141.3,743.6,en0,30411,https://www.speedtest.net/result/c/9b955b84-e0cb-4e68-9496-23c093d760c3
2026-09-02 15:08:26 EDT,2026-09-02T19:08:44Z,OK,214.8,97.5,9.8,1.1,0,23.9,156.6,en0,30411,https://www.speedtest.net/result/c/221066e2-aa70-4ccd-8d93-5a1902803c2b
2026-09-02 15:38:46 EDT,2026-09-02T19:39:01Z,OK,178.3,99.7,10.0,1.3,0,55.5,553.8,en0,30411,https://www.speedtest.net/result/c/ab5a266c-1562-4c29-bc8f-57dea68e8f77
2026-09-02 16:09:03 EDT,2026-09-02T20:09:22Z,OK,229.7,131.6,9.3,1.1,0,31.4,421.0,en0,30411,https://www.speedtest.net/result/c/526943c9-6c75-4a1b-8421-98d2cd26ac3b
2026-09-02 16:39:24 EDT,2026-09-02T20:39:41Z,OK,257.1,98.2,9.7,0.8,0,29.9,46.4,en0,30411,https://www.speedtest.net/result/c/4378135c-03a5-4c24-bfbe-4ff0b9f8fa29
2026-09-02 17:09:43 EDT,2026-09-02T21:10:03Z,OK,232.2,129.2,18.8,4.3,0,38.9,426.9,en0,30411,https://www.speedtest.net/result/c/5faf8308-5643-4833-84fa-677b61115561
2026-09-02 17:40:05 EDT,2026-09-02T21:40:27Z,OK,202.6,138.5,16.1,7.2,0,243.1,159.3,en0,30411,https://www.speedtest.net/result/c/6fe02ace-e5fb-4a6f-864d-18dcca470d07
2026-09-02 18:10:29 EDT,2026-09-02T22:10:46Z,OK,259.7,130.7,19.1,1.8,0,34.7,175.3,en0,30411,https://www.speedtest.net/result/c/550a0974-2772-4e2e-846d-6ab18ad12e70
2026-09-02 20:20:00 EDT,2026-09-03T00:20:19Z,OK,210.7,118.9,9.3,1.5,0,33.7,68.9,en0,30411,https://www.speedtest.net/result/c/66744088-1e5e-4424-b8d0-13bc6528da57
2026-09-02 20:50:21 EDT,2026-09-03T00:50:40Z,OK,251.2,134.6,9.7,1.4,0,30.8,387.6,en0,30411,https://www.speedtest.net/result/c/3c07c1f9-e05a-43cd-8897-71180bae72d9
2026-09-02 21:20:42 EDT,2026-09-03T01:21:04Z,OK,252.2,117.3,9.9,1.3,0,37.6,172.5,en0,30411,https://www.speedtest.net/result/c/228b07ac-0c3f-479d-86b3-69c829162af9
2026-09-02 21:51:06 EDT,2026-09-03T01:51:28Z,OK,266.0,130.0,19.1,4.5,0,33.6,430.3,en0,30411,https://www.speedtest.net/result/c/b349e83c-2867-4309-a2df-0b51e6e72447
2026-09-02 22:21:30 EDT,2026-09-03T02:21:53Z,OK,253.9,111.2,19.0,4.5,0,38.2,466.9,en0,30411,https://www.speedtest.net/result/c/70d721a8-4918-4c88-a4c6-f6b1d684b8a9
2026-09-02 22:58:45 EDT,2026-09-03T02:59:33Z,OK,220.8,106.4,19.7,14.7,0,174.0,645.1,en0,30411,https://www.speedtest.net/result/c/e72394a0-1c37-4493-bb41-91dc9e75d74f
2026-09-03 08:11:00 EDT,2026-09-03T12:18:54Z,OK,246.4,126.7,16.6,6.3,0,26.5,58.1,en0,30411,https://www.speedtest.net/result/c/dbc083cf-c224-444e-a714-69b37d1b88ba
2026-09-03 08:55:09 EDT,2026-09-03T12:55:27Z,OK,259.7,121.2,9.4,2.5,0,53.8,410.3,en0,30411,https://www.speedtest.net/result/c/2c240729-d2e4-4707-9ae7-20ab9ceec6ca
2026-09-03 09:25:29 EDT,2026-09-03T13:25:53Z,OK,259.9,111.7,9.3,1.0,0,251.8,459.9,en0,30411,https://www.speedtest.net/result/c/ca495ba7-cd6f-4e53-bf32-a741bf89e6d3
2026-09-03 09:55:55 EDT,2026-09-03T13:56:19Z,OK,234.7,101.5,10.0,3.3,0,21.3,447.4,en0,30411,https://www.speedtest.net/result/c/e7365a83-8f9e-473b-a9ac-b9f6a312be40
2026-09-03 10:26:21 EDT,2026-09-03T14:26:42Z,OK,257.2,137.1,9.4,1.1,0,240.7,435.0,en0,30411,https://www.speedtest.net/result/c/3e989661-6fdc-4a77-81fb-8d1a462c6e62
2026-09-03 10:56:44 EDT,2026-09-03T14:57:10Z,OK,230.4,127.9,10.0,3.0,0,160.7,194.1,en0,30411,https://www.speedtest.net/result/c/9658e18c-4a1a-45db-9e99-8e04fe86ec15
2026-09-03 11:27:12 EDT,2026-09-03T15:27:31Z,OK,261.7,86.6,16.9,4.7,0,44.1,479.1,en0,30411,https://www.speedtest.net/result/c/e13986e9-7c52-4afd-8994-98225c20694a
2026-09-03 11:57:33 EDT,2026-09-03T15:57:53Z,OK,218.9,105.0,9.8,1.3,0,32.0,52.0,en0,30411,https://www.speedtest.net/result/c/3b7123f9-c18f-4d81-ae9a-e6341a81675c
2026-09-03 12:27:55 EDT,2026-09-03T16:28:19Z,OK,252.3,107.3,9.7,1.2,0,30.5,212.2,en0,30411,https://www.speedtest.net/result/c/2bc2ce54-fef3-4b05-9815-e87de1c27b5e
2026-09-03 12:58:21 EDT,2026-09-03T16:58:41Z,OK,223.8,123.8,9.5,1.4,0,28.7,179.9,en0,30411,https://www.speedtest.net/result/c/e69eac3a-377c-41cb-8b39-285491c353b1
2026-09-03 13:28:44 EDT,2026-09-03T17:29:01Z,OK,254.5,125.3,17.1,4.2,0,32.4,171.7,en0,30411,https://www.speedtest.net/result/c/caa1bb7a-3cd0-4a86-9e3f-e28b75a24560
2026-09-03 13:59:04 EDT,2026-09-03T17:59:30Z,OK,232.4,119.6,9.4,1.4,0,28.8,169.1,en0,30411,https://www.speedtest.net/result/c/049a95a5-6dc5-4586-96b6-97092b085b76
2026-09-03 14:29:50 EDT,2026-09-03T18:30:09Z,OK,236.7,147.8,9.4,2.2,0,41.8,46.7,en0,30411,https://www.speedtest.net/result/c/373834c8-9776-479e-8433-8d6ab045d18b
2026-09-03 15:00:11 EDT,2026-09-03T19:00:34Z,OK,249.5,137.8,13.1,6.1,0,28.4,415.7,en0,30411,https://www.speedtest.net/result/c/d7e8ac38-2976-4065-bfd5-01d5cba0089f
2026-09-03 15:30:36 EDT,2026-09-03T19:30:51Z,OK,237.2,142.8,19.0,5.2,0,39.5,188.4,en0,30411,https://www.speedtest.net/result/c/a8c8c2b7-3fa1-4f11-ac6a-aa5262361731
2026-09-03 16:00:53 EDT,2026-09-03T20:01:18Z,OK,209.2,112.2,9.8,1.4,0,38.7,186.7,en0,30411,https://www.speedtest.net/result/c/c0ae68fb-b52b-4991-bf1b-c315090a1b2c
2026-09-03 16:31:20 EDT,2026-09-03T20:31:43Z,OK,234.1,110.8,20.1,1.6,0,43.8,534.1,en0,30411,https://www.speedtest.net/result/c/527a486e-7c5e-4275-aa67-372e26fb81a2
2026-09-03 17:01:46 EDT,2026-09-03T21:02:06Z,OK,247.8,108.9,10.0,1.5,0,32.4,430.5,en0,30411,https://www.speedtest.net/result/c/df0f1754-1558-42f9-88a1-ebba9931e87f
2026-09-03 19:20:27 EDT,,FAILED,,,,,,,,,30411,
2026-09-03 20:32:00 EDT,2026-09-04T00:32:24Z,OK,254.1,229.0,19.7,1.0,0,27.0,373.4,en0,30411,https://www.speedtest.net/result/c/3b60af66-c7b7-4d4f-99b2-00e988db25de
2026-09-03 21:02:26 EDT,2026-09-04T01:02:43Z,OK,269.3,246.6,9.4,1.4,0,30.8,30.3,en0,30411,https://www.speedtest.net/result/c/f17f6756-f41f-42bd-8b0d-84d22f0c4bbb
2026-09-03 21:32:45 EDT,2026-09-04T01:33:06Z,OK,269.4,223.4,9.6,1.4,0,44.9,417.8,en0,30411,https://www.speedtest.net/result/c/e81f021d-5cbf-4619-a717-fdae34f8cbe2
2026-09-03 22:03:08 EDT,2026-09-04T02:03:34Z,OK,204.1,234.1,10.2,3.0,0,239.8,380.3,en0,30411,https://www.speedtest.net/result/c/704d7529-a5fd-474d-a1a6-85b2ec5b4662
2026-09-03 22:57:23 EDT,2026-09-04T02:57:43Z,OK,238.5,129.8,19.4,2.3,0,30.9,174.5,en0,30411,https://www.speedtest.net/result/c/8dc3692b-cd35-4a49-8d46-efb2b9212d3d
2026-09-03 23:29:34 EDT,2026-09-04T03:29:53Z,OK,192.7,136.7,18.8,4.4,0,17.9,177.1,en0,30411,https://www.speedtest.net/result/c/ed8d0cd5-c21a-4d37-9453-f68809550ff0
2026-09-03 23:59:55 EDT,2026-09-04T04:00:14Z,OK,282.0,137.9,9.7,1.6,0,34.4,194.8,en0,30411,https://www.speedtest.net/result/c/4656d140-d6bd-4296-b81f-97d82e896ca2
2026-09-04 00:30:16 EDT,2026-09-04T04:30:33Z,OK,237.0,136.8,9.6,2.0,0,30.5,164.0,en0,30411,https://www.speedtest.net/result/c/6c7a8b5e-aa69-44b2-b39f-c78baf7f7e82
2026-09-04 01:00:35 EDT,2026-09-04T05:00:54Z,OK,208.0,137.8,19.6,1.1,0,24.6,406.4,en0,30411,https://www.speedtest.net/result/c/ddabfde3-a39b-4cfc-bbe3-8a47e7d1ebb8
2026-09-04 01:30:56 EDT,2026-09-04T05:31:21Z,OK,171.4,142.8,13.0,2.9,0,34.4,176.5,en0,30411,https://www.speedtest.net/result/c/e09bf543-f167-402d-b643-b537087547dd
2026-09-04 02:01:25 EDT,2026-09-04T06:01:51Z,OK,288.2,147.6,9.3,1.5,0,34.0,228.1,en0,30411,https://www.speedtest.net/result/c/66dac17e-4f76-4e4f-9bd9-5555d67d873d
2026-09-04 02:46:56 EDT,2026-09-04T06:47:21Z,OK,273.9,136.4,12.8,1.1,0,36.5,197.4,en0,30411,https://www.speedtest.net/result/c/3b12e4e2-d0bb-486a-b741-cc3a1400ef54
2026-09-04 03:17:23 EDT,2026-09-04T07:17:43Z,OK,253.3,138.6,10.0,0.8,0,21.0,485.7,en0,30411,https://www.speedtest.net/result/c/1bf30129-f2a0-4d9b-b7b7-24e455fc68a3
2026-09-04 03:47:45 EDT,2026-09-04T07:48:08Z,OK,278.7,132.1,9.4,1.5,0,30.5,181.5,en0,30411,https://www.speedtest.net/result/c/68f18463-df80-4c3c-ad61-857dffe9467a
2026-09-04 04:34:38 EDT,2026-09-04T08:34:54Z,OK,280.5,132.8,9.9,0.6,0,28.8,170.7,en0,30411,https://www.speedtest.net/result/c/4d65bd20-820b-44b9-998d-d79ea7d24fbf
2026-09-04 05:04:56 EDT,2026-09-04T09:05:12Z,OK,271.9,139.1,10.0,0.5,0,31.0,71.1,en0,30411,https://www.speedtest.net/result/c/111c5a62-393f-4b3e-be4e-3d8d7198bb77
2026-09-04 05:35:14 EDT,2026-09-04T09:35:35Z,OK,303.3,138.6,19.7,0.9,0,202.4,878.6,en0,30411,https://www.speedtest.net/result/c/87dfa6f7-9afe-4fa1-949f-5f8c2a7eed0d
2026-09-04 06:05:37 EDT,2026-09-04T10:05:53Z,OK,232.4,141.4,10.0,1.7,0,32.9,180.0,en0,30411,https://www.speedtest.net/result/c/4fe564ff-dad8-4cd1-a0bc-074f6ad41951
2026-09-04 06:52:40 EDT,2026-09-04T10:53:00Z,OK,306.8,113.5,19.4,0.5,0,49.7,193.2,en0,30411,https://www.speedtest.net/result/c/8d1620bf-31d2-4872-982e-9578d2a2bcc9
2026-09-04 07:23:02 EDT,2026-09-04T11:23:20Z,OK,281.4,144.3,10.0,0.7,0,33.1,192.1,en0,30411,https://www.speedtest.net/result/c/09fcf533-4b71-4501-9d94-aa0f97150e7e
2026-09-04 07:53:22 EDT,2026-09-04T11:53:44Z,OK,209.1,137.2,10.2,1.0,0,32.9,197.0,en0,30411,https://www.speedtest.net/result/c/dfc73251-59c3-45df-ae62-67dbf7726ac3
2026-09-04 08:23:46 EDT,2026-09-04T12:24:08Z,OK,240.2,141.8,10.7,4.3,0,37.3,163.7,en0,30411,https://www.speedtest.net/result/c/d49351b9-a396-42d0-99b1-1f0c07fb060b
2026-09-04 08:54:10 EDT,2026-09-04T12:54:26Z,OK,248.1,132.1,10.0,1.7,0,30.5,414.3,en0,30411,https://www.speedtest.net/result/c/18bb0da5-5c6c-4268-a01e-e1ef66daa3bc
2026-09-04 09:24:28 EDT,2026-09-04T13:24:45Z,OK,267.3,132.9,19.8,3.0,0,31.3,50.4,en0,30411,https://www.speedtest.net/result/c/fd57cb59-977c-4a13-bf34-782f89ce885a
2026-09-04 09:54:48 EDT,2026-09-04T13:55:05Z,OK,276.3,129.2,9.3,3.9,0,29.9,170.7,en0,30411,https://www.speedtest.net/result/c/e35c060e-a8c1-4de5-a9ef-8b4702800395
2026-09-04 10:25:07 EDT,2026-09-04T14:25:27Z,OK,236.4,128.6,10.7,2.7,0,32.7,165.7,en0,30411,https://www.speedtest.net/result/c/bfd49d3e-0559-45eb-b614-f2e28ed96c82
2026-09-04 10:55:29 EDT,2026-09-04T14:55:47Z,OK,220.8,131.1,15.9,5.0,0,26.2,435.4,en0,30411,https://www.speedtest.net/result/c/29c8d296-116f-4d53-91f8-596720f3db36
2026-09-04 11:25:49 EDT,2026-09-04T15:26:06Z,OK,217.2,116.3,19.7,0.8,0,30.4,202.9,en0,30411,https://www.speedtest.net/result/c/23aaa2f1-9e53-4693-acb7-3d72c37d1767
2026-09-04 11:56:08 EDT,2026-09-04T15:56:33Z,OK,254.0,114.5,9.2,1.1,0,31.3,169.3,en0,30411,https://www.speedtest.net/result/c/b0e47db8-4be1-4a77-ac5d-a641ef337471
2026-09-04 12:39:06 EDT,2026-09-04T16:39:33Z,OK,228.4,139.1,19.3,4.3,0,36.3,173.4,en0,30411,https://www.speedtest.net/result/c/60c7dd8a-f69e-4d5b-b3e6-6cc233f01a74
2026-09-04 13:09:35 EDT,2026-09-04T17:09:58Z,OK,225.4,161.8,20.0,1.7,0,30.9,398.2,en0,30411,https://www.speedtest.net/result/c/6872bcf0-805f-40d7-8870-41ce55cfb3a9
2026-09-04 13:40:00 EDT,2026-09-04T17:40:18Z,OK,248.1,146.2,9.6,2.5,0,29.5,188.5,en0,30411,https://www.speedtest.net/result/c/47ddfd39-4578-4f83-bf8b-9b543ced62a5
2026-09-04 14:10:20 EDT,2026-09-04T18:10:42Z,OK,257.9,125.7,9.3,1.0,0,36.0,477.5,en0,30411,https://www.speedtest.net/result/c/a0532739-c267-4cb8-b531-c62e14b73075
2026-09-04 14:40:44 EDT,2026-09-04T18:41:04Z,OK,262.9,144.3,15.0,4.5,0,34.3,182.4,en0,30411,https://www.speedtest.net/result/c/d09aba65-91fa-48ac-8139-87a5d59cc776
2026-09-04 15:11:06 EDT,2026-09-04T19:11:23Z,OK,230.3,135.7,10.3,2.5,0,31.7,169.1,en0,30411,https://www.speedtest.net/result/c/a1443d49-0c55-4c37-9a9a-3274181ddeff
2026-09-04 15:41:25 EDT,2026-09-04T19:41:46Z,OK,217.1,122.3,10.0,1.4,0,31.9,562.8,en0,30411,https://www.speedtest.net/result/c/d7e780f8-3721-4275-8077-22cac1377cb5
2026-09-04 16:11:48 EDT,2026-09-04T20:12:09Z,OK,238.1,147.0,9.3,1.1,0,32.0,178.1,en0,30411,https://www.speedtest.net/result/c/81775cf3-ddd5-4ab2-9c76-88653d5f702c
2026-09-04 16:42:10 EDT,2026-09-04T20:42:31Z,OK,237.0,144.5,9.9,1.0,0,19.3,66.0,en0,30411,https://www.speedtest.net/result/c/65168a5e-cf61-4985-ad8f-0099d2a645a0
2026-09-04 17:12:33 EDT,2026-09-04T21:12:47Z,OK,266.8,143.2,19.0,4.1,0,27.0,50.5,en0,30411,https://www.speedtest.net/result/c/46186edf-1c1e-445b-b303-15cdb6cec3b7
2026-09-04 17:42:49 EDT,2026-09-04T21:43:11Z,OK,252.2,136.2,18.7,4.3,0,153.5,291.8,en0,30411,https://www.speedtest.net/result/c/c7f89859-911d-4a6f-bb53-702baf21d596
2026-09-04 18:13:13 EDT,2026-09-04T22:13:32Z,OK,274.4,139.0,10.7,3.4,0,36.6,318.0,en0,30411,https://www.speedtest.net/result/c/cc83761b-1328-4753-8d91-77dcdc9c981c
2026-09-04 18:43:34 EDT,2026-09-04T22:44:06Z,OK,241.2,127.7,12.4,65.3,0,99.7,571.0,en0,30411,https://www.speedtest.net/result/c/a46ec6b1-f996-449c-9f5c-f52bb45d159d
2026-09-04 19:14:08 EDT,2026-09-04T23:14:26Z,OK,214.0,138.5,9.3,1.5,0,30.2,44.2,en0,30411,https://www.speedtest.net/result/c/7fb9f610-ef00-4e4f-a961-a19cf1c8ebf6
2026-09-04 19:44:28 EDT,2026-09-04T23:44:54Z,OK,235.6,134.0,9.9,1.3,0,41.3,505.2,en0,30411,https://www.speedtest.net/result/c/4037bce5-7158-4c2d-ba2b-7283e6983373
2026-09-04 20:14:55 EDT,2026-09-05T00:15:19Z,OK,271.0,115.6,19.9,1.4,0,29.8,419.4,en0,30411,https://www.speedtest.net/result/c/6273cf38-9b14-4b0b-8040-1c7bb5132208
2026-09-04 20:45:21 EDT,2026-09-05T00:45:43Z,OK,257.8,134.1,9.8,1.8,0,31.8,178.7,en0,30411,https://www.speedtest.net/result/c/f248f810-f557-4cad-80bb-232f91d9d683
2026-09-04 21:15:45 EDT,2026-09-05T01:16:08Z,OK,239.2,91.2,13.1,5.5,0,30.7,172.5,en0,30411,https://www.speedtest.net/result/c/31f9bfc2-e76f-435d-bb25-31722298a038
2026-09-04 21:46:10 EDT,2026-09-05T01:46:35Z,OK,214.1,137.5,10.6,9.3,0,22.0,456.9,en0,30411,https://www.speedtest.net/result/c/edbdd860-ce6f-4640-a1ad-0b21669556ba
2026-09-04 22:16:37 EDT,2026-09-05T02:16:57Z,OK,250.0,139.1,10.0,2.6,0,56.7,424.0,en0,30411,https://www.speedtest.net/result/c/9e871cb5-f6fd-4007-9582-f58e41464419
2026-09-04 22:46:58 EDT,2026-09-05T02:47:16Z,OK,253.5,113.4,10.0,1.7,0,40.0,414.6,en0,30411,https://www.speedtest.net/result/c/687a3ca8-20de-477c-bbd0-05c510168bef
2026-09-04 23:17:18 EDT,2026-09-05T03:17:45Z,OK,268.1,145.5,10.5,4.5,0,30.0,469.2,en0,30411,https://www.speedtest.net/result/c/64782c98-cd95-4179-ab2d-32244f8b723e
2026-09-04 23:47:46 EDT,2026-09-05T03:48:07Z,OK,212.5,134.0,9.7,1.2,0,19.1,56.3,en0,30411,https://www.speedtest.net/result/c/1da3c888-b4f6-4b63-8747-bf07767670e1
2026-09-05 00:18:09 EDT,2026-09-05T04:18:27Z,OK,243.4,140.3,9.7,1.4,0,37.4,189.9,en0,30411,https://www.speedtest.net/result/c/16d5f938-3024-4a3d-b327-c558010e716e
2026-09-05 00:48:29 EDT,2026-09-05T04:48:52Z,OK,261.5,135.5,19.8,0.6,0,35.5,686.7,en0,30411,https://www.speedtest.net/result/c/144973b4-7658-4073-b481-5ad06f44a76f
2026-09-05 01:18:54 EDT,2026-09-05T05:19:10Z,OK,201.5,141.1,18.9,3.2,0,34.8,57.4,en0,30411,https://www.speedtest.net/result/c/30c0bfd3-3ebe-422f-a02f-3655db0e3aa8
2026-09-05 01:49:12 EDT,2026-09-05T05:49:34Z,OK,247.0,138.4,10.0,1.0,0,24.8,186.5,en0,30411,https://www.speedtest.net/result/c/c836b644-9780-4d58-90d9-d5651e68136d
2026-09-05 02:19:35 EDT,2026-09-05T06:19:57Z,OK,271.0,136.7,9.3,1.0,0,28.2,200.4,en0,30411,https://www.speedtest.net/result/c/9120282f-b918-48b7-a6f0-2885cafcf2b8
2026-09-05 02:49:59 EDT,2026-09-05T06:50:25Z,OK,216.4,139.6,9.9,1.4,0,28.5,177.6,en0,30411,https://www.speedtest.net/result/c/11cd6938-c1ab-45b5-bc82-7dbdd5dccccf
2026-09-05 03:20:26 EDT,2026-09-05T07:20:45Z,OK,252.7,141.5,18.7,4.2,0,23.6,182.3,en0,30411,https://www.speedtest.net/result/c/ab2cb7be-e629-4dd1-8ae9-08a3cc39845c
2026-09-05 03:50:47 EDT,2026-09-05T07:51:07Z,OK,201.8,138.7,10.7,4.0,0,30.9,150.9,en0,30411,https://www.speedtest.net/result/c/66de4620-633a-4417-ac1d-61f88c0e1831
2026-09-05 04:21:08 EDT,2026-09-05T08:21:25Z,OK,208.6,129.3,10.1,1.7,0,36.0,442.0,en0,30411,https://www.speedtest.net/result/c/e80a3e11-d4fc-44ad-85c7-a297c7e625f3
2026-09-05 04:51:26 EDT,2026-09-05T08:51:50Z,OK,259.5,131.7,19.7,0.7,0,427.0,583.2,en0,30411,https://www.speedtest.net/result/c/ebb57407-4412-4a09-8070-78be79abf303
2026-09-05 05:21:52 EDT,2026-09-05T09:22:13Z,OK,237.0,136.0,13.0,5.8,0,32.5,70.5,en0,30411,https://www.speedtest.net/result/c/eb217abc-5dc3-4be4-bd69-c758f765ccba
2026-09-05 05:52:14 EDT,2026-09-05T09:52:30Z,OK,221.0,136.0,9.7,0.9,0,30.2,197.5,en0,30411,https://www.speedtest.net/result/c/d2818c02-4ce9-4c57-89cb-c57f2f7d186f
2026-09-05 06:22:32 EDT,2026-09-05T10:22:59Z,OK,176.5,98.6,9.6,1.1,0,42.8,466.6,en0,30411,https://www.speedtest.net/result/c/278f6b52-a790-49c2-904e-97c647bd1d43
2026-09-05 06:53:02 EDT,2026-09-05T10:53:21Z,OK,272.2,139.0,19.6,0.6,0,400.2,155.1,en0,30411,https://www.speedtest.net/result/c/c078f128-5df3-45f2-9429-4c6a9248426f
2026-09-05 07:23:23 EDT,2026-09-05T11:23:42Z,OK,250.5,177.4,10.0,1.4,0,40.8,412.0,en0,30411,https://www.speedtest.net/result/c/10f4ec97-55e3-4923-a653-1f6fc904f49f
2026-09-05 07:53:44 EDT,2026-09-05T11:54:08Z,OK,208.2,179.8,9.3,1.5,0,24.2,384.8,en0,30411,https://www.speedtest.net/result/c/f5d2d94d-1a98-400b-94ca-81c099e03402
2026-09-05 08:24:10 EDT,2026-09-05T12:24:29Z,OK,271.3,176.3,20.1,2.5,0,39.2,163.5,en0,30411,https://www.speedtest.net/result/c/b625859f-69f3-4682-a33d-e509fa45ea60
2026-09-05 08:54:31 EDT,2026-09-05T12:54:50Z,OK,239.0,174.5,10.0,0.8,0,23.9,411.1,en0,30411,https://www.speedtest.net/result/c/a500d616-143b-4a84-a139-6d3ef8117f43
2026-09-05 09:24:52 EDT,2026-09-05T13:25:10Z,OK,202.6,159.6,14.3,1.3,0,30.0,165.9,en0,30411,https://www.speedtest.net/result/c/b066b5ab-9cb2-44d8-8c48-fb17bf5240de
2026-09-05 09:55:11 EDT,2026-09-05T13:55:30Z,OK,253.9,171.9,19.5,2.3,0,30.3,156.4,en0,30411,https://www.speedtest.net/result/c/5d9aa42b-420c-4781-bde8-0d972327bea1
2026-09-05 10:25:31 EDT,2026-09-05T14:25:52Z,OK,276.4,175.1,9.5,2.7,0,25.4,38.3,en0,30411,https://www.speedtest.net/result/c/cd49df4b-5ba0-4b4d-b6cf-76ec61e3593d
2026-09-05 10:55:53 EDT,2026-09-05T14:56:12Z,OK,276.1,179.1,16.1,4.3,0,25.4,175.8,en0,30411,https://www.speedtest.net/result/c/a5096e00-4735-4a33-befe-e680c0b7b2d3
2026-09-05 11:26:14 EDT,2026-09-05T15:26:31Z,OK,271.4,166.6,10.1,1.1,0,31.1,78.7,en0,30411,https://www.speedtest.net/result/c/31791a7b-40f6-4640-8dd6-ef2a91c98dec
2026-09-05 11:56:33 EDT,2026-09-05T15:57:00Z,OK,232.2,133.6,18.7,3.7,0,43.7,728.6,en0,30411,https://www.speedtest.net/result/c/42e46259-2569-46cf-bd89-af35cc0ae63c
2026-09-05 12:27:02 EDT,2026-09-05T16:27:22Z,OK,263.9,188.3,9.4,1.0,0,30.1,168.4,en0,30411,https://www.speedtest.net/result/c/95e77a72-dd63-4642-8d57-c23f681d95e0
2026-09-05 12:57:24 EDT,2026-09-05T16:57:50Z,OK,249.2,162.6,9.5,1.2,0,34.4,154.5,en0,30411,https://www.speedtest.net/result/c/e0cb4a4c-0bdd-4b73-9ab1-fc359fcc78ff
